370,2297.664,2257.471,2224.406,2220.333,2212.077,2211.354,2209.885,2207.683,2191.150,2179.096,2173.988,2164.398,2154.315,2135.067,2133.035,2130.132,2129.412,2127.439,2123.374,2123.048,2115.859,2089.750,2088.710,2051.021,2046.575,2007.434,2004.870,1955.116,1944.483,1938.547,1902.516,1841.821,1772.139,1764.764,1761.706,1761.011,1718.210,1705.119,1677.391,1664.145,1601.960,1591.032,1573.253,1564.011,1559.020,1548.565,1546.388,1517.208,1511.851,1466.596,1465.073,1462.940,1450.046,1449.441,1428.061,1427.559,1366.746,1334.114,1260.799,1249.839,1197.816,1145.809,1143.040,1125.181,1102.684,951.795,936.179,898.377,889.644,803.980,796.378,730.479,687.725,663.068,640.101,544.638,459.515,417.021,412.149,408.877,402.606,396.300,389.867,283.363,231.646,228.977,214.374,177.823,171.658,161.041,160.304,150.366,141.380,135.742,133.094,126.659,109.612,55.340,36.212,23.615
371,2255.298,2254.461,2252.746,2220.295,2216.875,2205.362,2189.565,2177.967,2177.403,2172.523,2171.593,2170.453,2168.261,2165.532,2154.205,2134.020,2129.182,2123.940,2094.992,2087.749,2086.639,2086.382,2066.212,2062.939,2046.716,2042.921,2004.972,1984.145,1974.545,1961.165,1948.907,1948.656,1929.571,1891.917,1887.402,1795.111,1782.808,1758.095,1748.600,1595.710,1506.737,1492.692,1490.038,1475.366,1454.507,1434.524,1422.120,1417.156,1382.003,1309.930,1308.411,1299.172,1257.564,1231.599,1227.969,1152.638,1152.610,1118.892,1009.929,969.674,924.546,870.182,822.047,772.823,718.198,683.142,676.793,644.046,619.154,590.181,545.718,531.979,466.812,429.989,426.180,413.655,413.628,410.967,389.111,300.847,292.661,273.909,234.442,212.989,207.812,184.079,179.020,170.409,169.213,158.731,156.368,153.381,142.196,136.620,128.030,125.550,108.417,44.944,32.640,24.224
372,2253.039,2253.039,2249.673,2220.698,2214.868,2214.167,2212.891,2210.265,2209.995,2190.797,2190.176,2178.463,2171.487,2169.473,2166.059,2149.778,2145.954,2133.285,2130.480,2129.075,2127.113,2120.753,2096.594,2089.494,2088.343,2082.401,2064.964,2064.964,2054.493,2047.436,2046.972,2041.916,2030.173,2005.838,2001.049,2000.543,1998.776,1992.663,1992.663,1981.526,1979.467,1970.352,1944.578,1922.733,1921.342,1916.847,1901.220,1878.737,1858.104,1846.521,1808.720,1808.720,1728.457,1725.482,1669.838,1667.246,1660.661,1624.235,1604.373,1601.495,1483.996,1410.936,1409.494,1367.558,1336.456,1299.455,1275.068,1265.408,1222.449,1205.873,1121.648,829.990,698.909,615.851,588.786,529.397,511.391,505.399,471.649,470.661,453.165,449.646,434.504,428.410,406.156,387.599,365.707,353.469,278.186,252.434,229.976,211.702,202.967,181.738,165.647,136.596,100.535,49.185,34.408,31.874
373,2257.554,2220.119,2215.344,2213.956,2213.767,2212.937,2211.059,2210.674,2210.613,2210.613,2210.214,2172.683,2172.490,2170.086,2169.682,2164.099,2152.705,2134.650,2129.286,2128.020,2127.335,2125.894,2090.130,2087.520,2086.944,2064.653,2008.008,2005.198,2005.078,1978.485,1949.763,1935.319,1923.840,1923.176,1921.432,1891.542,1885.223,1863.865,1847.106,1808.474,1804.562,1803.565,1778.366,1777.728,1770.393,1759.390,1748.447,1734.153,1728.891,1713.805,1704.647,1656.542,1635.466,1616.064,1615.491,1566.136,1509.107,1490.885,1482.073,1480.622,1426.433,1415.357,1375.098,1351.944,1318.853,1297.928,1283.527,1239.720,1181.151,1173.849,1163.048,1156.716,1103.089,1099.635,1074.718,1049.729,1013.700,1002.895,982.427,776.100,627.647,510.764,489.315,449.291,441.933,410.359,386.789,386.771,370.917,272.797,209.209,208.866,196.151,156.481,152.449,144.772,136.754,109.841,105.680,94.336
374,2250.484,2220.967,2216.242,2215.514,2214.915,2213.645,2212.386,2211.688,2210.415,2172.773,2171.290,2169.228,2169.228,2166.921,2164.090,2163.722,2148.521,2136.653,2127.789,2126.128,2097.079,2096.111,2086.449,2084.799,2084.592,2082.641,2077.080,2076.029,2011.460,2003.003,2002.655,1997.861,1971.106,1967.566,1958.010,1928.582,1921.701,1893.366,1876.661,1875.803,1834.529,1762.120,1751.416,1722.938,1668.258,1623.811,1610.698,1546.501,1497.513,1422.794,1394.377,1358.694,1294.819,1288.131,1283.254,1211.333,1172.231,1161.164,1134.216,1117.062,1024.753,947.238,803.047,799.492,785.982,779.775,756.994,754.766,735.926,732.808,724.362,690.213,671.181,665.787,656.702,520.499,499.704,495.135,474.223,420.786,412.308,399.932,370.189,369.066,348.967,290.345,286.746,285.409,178.056,176.407,168.330,160.659,156.364,150.370,133.268,116.883,108.122,90.122,82.967,66.362
375,2220.421,2218.961,2216.249,2215.854,2212.646,2211.819,2210.231,2210.231,2209.917,2209.185,2208.624,2207.764,2207.045,2171.401,2149.819,2136.879,2130.507,2127.628,2124.886,2117.885,2086.813,2084.423,2055.760,2010.751,2006.576,2006.114,1999.454,1996.007,1994.433,1958.465,1920.647,1916.823,1911.438,1910.598,1867.056,1857.956,1843.708,1828.742,1794.065,1788.123,1779.866,1735.635,1680.932,1648.828,1619.784,1594.857,1528.151,1500.377,1484.347,1478.578,1423.374,1387.441,1372.306,1343.271,1311.104,1295.605,1291.063,1206.962,1184.943,1174.727,1147.324,1137.811,1125.672,1062.946,1005.297,948.839,887.899,854.501,843.925,833.106,808.020,730.439,677.374,648.788,551.474,536.365,438.729,437.471,432.860,425.638,416.991,412.913,390.375,373.625,368.647,347.294,301.944,255.483,246.661,235.249,220.181,196.976,188.213,181.895,156.835,138.931,135.126,100.019,18.148,10.078
376,2294.493,2257.309,2256.657,2255.913,2253.805,2221.266,2214.782,2211.497,2193.282,2191.204,2174.892,2172.730,2169.140,2168.530,2168.530,2168.142,2144.112,2131.845,2130.961,2128.471,2128.037,2124.468,2105.487,2104.321,2095.402,2092.589,2085.950,2085.290,2052.880,2016.945,2014.549,2006.929,2003.744,1989.791,1976.083,1960.976,1960.976,1928.807,1926.707,1900.314,1860.281,1857.124,1843.187,1835.288,1798.502,1791.680,1765.448,1753.800,1743.056,1719.761,1710.377,1698.202,1671.799,1669.352,1635.731,1620.341,1620.341,1573.039,1555.869,1500.261,1423.002,1395.979,1262.640,1209.771,1156.962,1118.076,1101.748,1084.601,1083.125,985.761,953.188,890.773,760.115,747.849,670.120,637.990,565.134,563.885,550.387,546.536,465.931,457.730,431.367,400.383,396.109,318.495,281.297,237.980,219.576,201.741,181.852,180.020,179.238,143.755,141.091,132.552,119.920,110.867,101.248,77.639
377,2250.558,2237.159,2216.080,2213.868,2211.767,2210.858,2191.348,2178.909,2175.956,2174.124,2169.974,2169.235,2168.298,2168.298,2168.013,2166.693,2163.859,2133.886,2132.795,2131.793,2107.625,2093.038,2088.494,2086.139,2051.489,2049.628,2049.353,2049.219,2047.706,2040.660,2009.906,2007.260,1999.880,1996.885,1982.079,1974.690,1962.409,1944.009,1865.097,1849.120,1843.388,1836.932,1829.489,1814.922,1813.218,1807.723,1799.935,1798.359,1796.091,1795.019,1789.994,1773.161,1731.613,1714.752,1702.686,1666.397,1666.210,1634.686,1624.755,1511.907,1500.807,1452.830,1428.852,1414.834,1387.779,1292.215,1235.323,1225.306,1224.931,1172.024,1161.570,1131.542,1021.235,1001.689,992.162,853.080,802.706,746.857,743.100,656.021,652.759,562.171,556.823,545.513,531.790,488.521,444.300,420.447,414.288,399.654,379.874,204.831,160.241,122.400,66.736,52.127,49.580,42.344,33.215,9.323
378,2250.700,2237.029,2216.310,2216.005,2214.054,2212.817,2211.318,2211.318,2210.626,2210.308,2177.202,2175.569,2174.320,2174.276,2172.441,2169.084,2166.720,2143.811,2134.141,2131.858,2131.793,2107.568,2095.852,2095.679,2091.225,2090.357,2087.802,2048.959,2025.875,2010.986,1994.911,1967.314,1967.314,1961.032,1946.358,1922.003,1922.003,1921.464,1903.459,1864.838,1853.286,1829.186,1829.186,1805.588,1803.713,1766.742,1761.670,1758.764,1754.596,1752.916,1710.453,1695.116,1686.400,1596.414,1532.800,1487.093,1471.821,1386.481,1340.073,1336.700,1282.737,1266.906,1256.523,1251.519,1129.862,1030.681,885.394,858.639,832.946,829.862,827.021,750.925,719.571,688.778,633.963,611.538,576.136,573.623,559.694,482.765,476.933,455.402,436.230,416.699,388.191,293.042,273.030,180.419,177.024,155.350,132.409,132.399,131.490,111.768,103.335,89.121,81.250,81.250,43.725,28.918
379,2294.354,2250.449,2233.011,2216.426,2213.496,2211.177,2211.177,2210.557,2210.282,2188.600,2174.770,2173.647,2173.602,2172.614,2170.542,2166.295,2138.498,2136.294,2133.884,2130.998,2125.564,2078.526,2056.225,2053.484,2042.727,2040.605,2015.178,2007.520,1974.776,1964.032,1945.371,1930.972,1925.548,1918.517,1911.740,1884.649,1871.844,1854.314,1797.807,1792.849,1759.492,1751.385,1730.922,1720.576,1715.087,1709.697,1703.459,1696.206,1672.183,1643.299,1642.384,1629.126,1538.519,1506.172,1471.644,1432.853,1305.453,1280.851,1271.503,1269.384,1166.483,1111.286,1059.568,976.515,760.534,660.365,612.538,552.726,525.732,525.406,441.669,432.647,431.350,430.964,430.787,415.974,403.977,377.548,371.241,369.572,343.016,308.032,300.820,264.922,246.614,229.348,224.856,219.611,212.131,200.754,186.405,168.757,165.372,150.917,134.454,133.030,114.687,114.054,104.978,94.960
380,1944.781,1942.707,1942.297,1939.632,1930.010,1930.010,1921.475,1913.042,1895.504,1892.138,1886.523,1884.321,1871.132,1868.242,1862.075,1858.570,1857.746,1857.746,1853.374,1828.113,1828.113,1827.591,1819.771,1818.059,1815.040,1813.074,1782.329,1778.820,1776.510,1759.443,1749.181,1744.776,1741.911,1735.448,1735.161,1703.303,1701.276,1687.309,1674.431,1674.399,1660.625,1630.483,1625.409,1620.701,1613.853,1585.617,1582.552,1576.530,1564.552,1520.413,1507.624,1468.386,1392.735,1387.818,1359.026,1342.742,1335.031,1134.701,1107.092,1026.052,1018.454,963.068,957.563,937.340,744.675,693.190,685.595,493.048,462.125,444.865,440.409,413.983,406.220,406.047,403.350,399.836,382.537,379.379,368.516,352.128,313.203,259.773,255.728,235.386,203.216,162.134,161.228,158.836,154.485,145.425,136.354,119.082,114.127,113.707,107.490,98.597,80.523,69.762,56.752,50.671
381,1948.452,1939.440,1937.477,1937.477,1917.985,1905.441,1903.970,1903.739,1901.758,1900.425,1900.425,1897.897,1886.054,1885.757,1867.674,1864.828,1863.833,1862.886,1861.553,1860.371,1860.295,1858.412,1840.024,1832.221,1826.286,1822.092,1819.379,1807.185,1782.070,1779.036,1771.905,1754.178,1748.990,1746.523,1722.185,1717.673,1716.781,1704.296,1704.296,1667.729,1664.887,1659.434,1646.812,1633.700,1633.700,1593.773,1570.138,1562.521,1557.594,1501.361,1487.649,1482.119,1476.837,1384.236,1289.840,1178.764,1112.272,1109.467,1068.448,1053.028,1050.057,947.343,887.084,843.484,840.284,779.200,750.333,677.998,616.855,587.235,426.018,424.486,376.242,364.638,324.504,323.902,258.461,251.122,250.287,234.237,224.542,221.800,200.173,175.136,173.348,171.752,167.359,166.770,144.996,136.185,132.166,130.532,128.678,112.485,110.887,109.375,90.303,80.706,53.040,42.013
382,1984.502,1948.062,1918.339,1915.229,1915.229,1904.890,1904.115,1902.437,1901.709,1901.465,1888.037,1886.019,1882.403,1866.299,1865.018,1864.783,1861.568,1858.616,1858.616,1858.072,1849.189,1829.842,1821.745,1818.155,1809.934,1806.923,1803.398,1793.163,1788.431,1785.095,1779.499,1767.148,1748.643,1737.032,1730.093,1728.568,1728.568,1719.198,1705.650,1704.934,1675.770,1633.315,1592.143,1558.686,1537.996,1535.982,1488.815,1452.363,1439.756,1438.599,1438.599,1434.829,1404.982,1400.924,1366.647,1311.339,1266.036,1191.517,1169.742,1142.253,1040.203,1033.804,1014.338,974.444,897.836,896.472,874.891,874.215,865.058,845.554,819.963,801.130,719.706,695.859,660.115,646.281,510.550,495.975,440.977,429.861,406.571,401.600,401.543,398.348,396.057,346.572,312.541,236.992,210.237,209.988,163.843,157.508,157.221,148.118,142.003,126.663,104.554,100.570,70.807,69.059
383,2027.963,1985.750,1953.744,1953.427,1944.517,1932.261,1932.261,1926.603,1910.638,1910.484,1906.693,1906.450,1905.006,1902.192,1898.817,1883.752,1871.490,1859.599,1839.756,1835.565,1832.817,1831.976,1826.883,1819.246,1819.230,1816.372,1815.353,1815.353,1791.203,1777.388,1777.348,1773.711,1767.691,1767.329,1751.967,1726.104,1699.693,1687.640,1675.343,1624.846,1601.591,1569.982,1555.501,1517.221,1489.847,1480.807,1460.455,1403.668,1354.929,1338.259,1324.042,1315.367,1289.086,1277.619,1256.876,1175.693,1154.517,988.552,986.329,944.900,939.453,848.720,660.184,645.997,637.703,622.552,523.583,467.568,452.880,443.084,439.440,431.534,415.105,415.054,406.949,399.956,399.874,374.383,373.198,370.004,363.069,348.279,339.296,291.990,271.846,239.751,231.534,218.046,206.979,203.843,182.525,177.478,147.480,144.294,138.558,131.486,104.245,98.306,96.524,77.781
384,1982.714,1967.889,1946.219,1945.456,1944.041,1943.453,1939.550,1907.666,1905.589,1882.477,1880.906,1873.927,1873.927,1867.988,1865.363,1860.444,1845.039,1842.522,1834.795,1830.272,1828.509,1825.956,1822.744,1822.361,1821.433,1820.560,1795.562,1787.141,1784.501,1783.530,1782.067,1774.894,1772.324,1768.665,1753.716,1747.722,1723.737,1718.145,1715.171,1711.694,1706.936,1702.893,1684.632,1668.553,1666.914,1662.756,1662.561,1657.241,1635.425,1627.030,1624.135,1621.869,1600.567,1585.787,1582.834,1572.889,1556.147,1523.986,1519.975,1512.764,1491.527,1479.688,1478.248,1442.141,1438.651,1434.824,1432.950,1391.740,1281.884,1274.642,1265.728,1261.823,1131.660,970.394,932.204,916.700,901.022,816.117,738.364,686.241,607.363,422.369,386.142,372.987,364.293,246.351,196.349,193.194,191.106,171.804,158.022,137.654,137.506,128.311,128.131,127.426,107.295,99.252,96.533,90.126
385,1947.140,1943.338,1940.600,1940.600,1906.220,1872.959,1864.719,1864.432,1863.518,1860.257,1859.150,1858.917,1858.765,1845.424,1840.730,1829.411,1825.243,1821.714,1820.752,1817.763,1815.551,1813.531,1808.083,1799.589,1794.917,1786.342,1780.871,1779.702,1777.557,1776.120,1773.601,1764.126,1758.973,1757.501,1742.504,1715.545,1709.059,1707.005,1686.389,1683.681,1673.743,1665.743,1651.793,1613.165,1600.188,1559.090,1550.073,1537.170,1473.305,1467.581,1429.374,1423.682,1352.766,1329.870,1326.845,1259.441,1211.681,1090.923,1083.377,1052.717,975.386,914.537,852.285,852.081,831.315,816.285,774.519,762.548,709.342,708.496,612.312,611.954,604.159,576.454,520.959,437.753,428.546,422.706,386.634,379.402,371.010,329.121,280.800,255.935,242.780,234.814,211.423,207.199,205.151,199.097,163.993,161.772,144.186,142.567,141.358,120.481,111.649,77.329,40.942,38.205
386,1983.163,1978.906,1978.906,1958.467,1955.571,1948.658,1945.739,1931.003,1909.924,1909.906,1905.223,1905.029,1904.413,1902.134,1894.531,1879.976,1873.016,1869.875,1869.789,1858.968,1824.850,1823.337,1822.528,1821.994,1814.275,1807.780,1806.037,1796.677,1784.880,1780.652,1778.610,1777.822,1777.603,1774.501,1767.055,1755.689,1749.187,1729.726,1692.745,1687.633,1677.034,1647.753,1647.065,1643.375,1640.676,1607.185,1598.218,1590.183,1563.462,1554.859,1546.935,1501.706,1349.400,1319.642,1239.639,1237.339,1177.749,1072.661,1054.996,1024.318,1019.906,974.721,974.612,925.795,773.166,738.442,692.993,682.178,645.550,467.979,459.649,441.043,403.006,389.277,376.166,370.189,362.283,347.303,331.267,324.910,306.492,297.824,241.860,234.906,227.461,225.129,194.270,193.161,181.105,172.692,168.956,168.037,162.322,141.707,139.716,129.681,110.968,109.403,98.351,25.428
387,1982.740,1957.021,1945.574,1944.143,1942.306,1941.208,1938.287,1938.287,1906.785,1904.776,1900.254,1885.832,1881.305,1872.286,1871.359,1868.969,1868.969,1864.245,1860.271,1858.666,1857.029,1856.566,1848.806,1832.149,1828.993,1827.127,1827.127,1824.578,1824.275,1822.679,1822.464,1818.863,1818.718,1817.998,1799.450,1777.719,1765.231,1753.138,1752.634,1748.256,1728.940,1728.922,1698.628,1683.278,1666.427,1664.538,1653.921,1646.845,1627.962,1606.002,1598.309,1555.345,1526.927,1483.874,1480.489,1471.903,1436.127,1396.533,1389.166,1365.111,1342.492,1319.593,1313.686,1257.202,1244.733,1182.077,1172.541,1150.572,1140.416,1068.391,1053.039,955.506,940.220,925.421,905.903,806.705,629.594,568.572,430.754,430.381,428.999,415.256,413.780,413.333,410.778,291.880,287.606,275.923,261.086,237.357,178.583,170.958,135.199,112.122,108.033,103.635,100.623,58.996,39.508,26.096
388,2033.416,1950.529,1946.915,1946.541,1916.048,1910.467,1903.933,1903.188,1896.497,1889.949,1888.439,1878.458,1874.939,1871.835,1871.835,1869.391,1868.824,1864.935,1860.465,1858.256,1847.418,1832.954,1828.477,1827.112,1820.112,1820.112,1819.436,1795.520,1791.730,1785.038,1779.322,1744.087,1716.871,1710.581,1708.008,1703.673,1686.170,1680.268,1674.847,1671.748,1659.288,1641.832,1636.582,1634.771,1628.205,1625.095,1619.957,1607.283,1602.026,1601.465,1552.854,1549.598,1435.124,1356.113,1318.711,1311.416,1301.764,1241.013,1227.440,1112.141,1108.172,995.081,974.778,940.058,904.279,867.537,832.806,614.127,574.169,519.232,504.668,480.338,433.268,417.911,412.240,385.578,369.697,367.240,365.710,345.586,330.190,316.712,260.502,244.979,227.980,213.016,212.999,192.009,186.299,165.310,159.595,157.994,157.596,157.107,126.761,107.846,107.746,102.588,101.903,49.945
389,1992.114,1989.112,1984.664,1979.999,1979.999,1969.705,1946.944,1939.082,1929.201,1927.013,1915.349,1911.544,1910.723,1906.117,1902.131,1901.896,1900.017,1866.950,1866.340,1861.126,1859.801,1857.338,1846.163,1839.745,1825.718,1823.170,1821.162,1816.498,1801.144,1801.144,1788.355,1783.892,1774.395,1768.063,1739.752,1728.981,1728.483,1728.483,1727.568,1705.795,1658.832,1637.036,1568.041,1544.619,1538.788,1506.057,1490.179,1439.141,1366.380,1364.031,1314.221,1307.912,1255.961,1216.757,1215.186,1160.594,1128.356,1042.603,990.292,985.723,971.819,942.042,936.128,934.918,829.172,780.639,772.734,732.375,634.922,570.397,538.577,471.226,446.343,438.944,412.577,404.087,403.512,385.430,383.376,368.543,365.828,337.928,291.834,282.626,271.709,267.262,250.896,225.962,224.051,176.206,152.554,132.575,126.516,123.734,114.893,110.282,109.734,107.490,95.074,52.076
390,2039.870,2014.347,1996.675,1972.262,1972.262,1954.660,1954.660,1942.516,1917.386,1910.590,1908.364,1906.905,1905.413,1904.604,1902.543,1902.536,1879.996,1871.395,1870.718,1862.199,1860.464,1859.257,1859.257,1858.330,1839.925,1837.228,1827.994,1824.335,1813.136,1791.506,1785.405,1775.038,1774.789,1774.619,1774.503,1771.410,1765.286,1760.099,1759.001,1753.954,1734.537,1734.537,1734.411,1717.436,1647.126,1643.398,1635.244,1603.934,1597.817,1570.429,1562.153,1559.141,1397.430,1390.426,1380.318,1369.898,1367.328,1366.605,1361.278,1323.615,1264.299,1217.591,1209.369,1103.678,1088.535,1046.683,976.242,939.962,923.171,905.683,897.988,863.707,807.995,807.995,799.066,791.358,695.574,635.225,577.207,437.453,433.627,427.280,394.796,386.676,379.830,374.111,334.107,313.333,256.315,244.023,197.188,193.203,186.834,178.647,141.930,141.000,119.629,103.487,70.268,40.461
391,1993.245,1993.245,1987.877,1952.381,1947.749,1937.623,1930.900,1930.900,1916.968,1907.489,1907.112,1905.376,1904.116,1903.554,1901.470,1899.816,1884.217,1884.217,1877.891,1868.515,1868.497,1866.688,1864.405,1860.168,1845.013,1830.750,1827.941,1812.712,1796.328,1796.328,1795.057,1782.439,1780.878,1773.749,1757.662,1754.802,1738.279,1723.714,1718.884,1717.091,1715.376,1684.005,1670.864,1662.099,1646.925,1646.925,1619.510,1614.078,1600.362,1545.625,1524.740,1513.782,1513.782,1468.947,1420.042,1392.909,1327.263,1292.346,1230.102,1217.920,1214.441,1182.245,1166.248,1140.265,1117.096,1062.969,958.025,918.154,841.724,832.577,740.356,654.952,626.384,615.688,603.772,538.192,485.829,448.501,433.149,427.858,411.436,392.814,327.406,308.447,305.157,297.859,260.420,254.764,252.199,243.349,234.121,215.182,164.037,159.399,154.415,140.000,129.213,119.541,95.365,53.981
392,2027.523,1985.654,1985.654,1982.241,1956.312,1945.497,1934.031,1934.031,1929.613,1910.861,1906.568,1906.462,1904.177,1900.084,1879.048,1870.230,1869.152,1869.152,1862.032,1860.770,1853.497,1844.182,1829.538,1825.697,1820.965,1812.802,1809.971,1801.135,1785.006,1779.219,1778.657,1757.102,1732.573,1712.072,1709.494,1696.340,1683.884,1680.533,1679.312,1640.411,1633.694,1633.084,1623.606,1622.467,1618.105,1613.793,1612.175,1605.070,1520.223,1500.601,1484.585,1470.007,1443.502,1425.269,1341.632,1330.217,1295.030,1198.228,1156.531,1126.073,1121.173,1099.303,1075.013,1009.729,987.476,980.375,966.764,900.671,868.629,845.652,739.630,732.434,726.859,691.338,643.136,627.342,565.231,547.737,517.845,480.039,479.685,467.117,440.244,423.317,384.157,358.648,322.200,308.012,301.026,266.889,250.825,192.110,184.935,184.812,176.654,159.458,154.064,138.295,95.935,69.305
393,2027.816,1993.730,1990.469,1987.162,1975.781,1975.781,1966.635,1954.056,1948.198,1941.281,1918.480,1910.155,1907.166,1905.867,1903.903,1890.455,1889.723,1889.421,1885.476,1884.355,1884.355,1875.123,1867.675,1865.505,1861.405,1858.249,1841.850,1824.666,1824.666,1819.570,1814.480,1810.389,1805.436,1800.975,1792.964,1781.224,1777.089,1764.349,1716.323,1706.381,1669.858,1664.949,1652.149,1647.710,1645.135,1613.214,1604.752,1602.222,1592.121,1550.814,1476.538,1474.436,1436.081,1418.812,1382.194,1379.818,1360.134,1358.875,1326.119,1317.281,1300.224,1296.174,1235.779,1229.230,1214.429,1209.442,1018.197,1004.275,911.469,881.609,657.528,611.999,598.233,586.635,484.405,472.362,459.654,400.478,387.769,387.158,379.190,359.023,345.145,333.083,299.228,266.800,236.812,180.300,167.450,161.735,161.693,157.004,149.368,137.274,128.976,116.646,101.589,60.829,51.027,43.613
394,1992.651,1992.651,1991.246,1984.778,1951.948,1946.124,1941.127,1934.021,1908.620,1905.076,1903.800,1883.774,1879.261,1872.703,1868.441,1867.472,1866.577,1866.375,1861.781,1857.027,1838.988,1822.347,1820.584,1819.632,1818.087,1818.087,1813.773,1801.014,1789.293,1787.177,1787.177,1770.569,1765.725,1742.089,1732.623,1703.066,1700.458,1694.483,1674.909,1611.557,1602.456,1597.576,1579.389,1579.089,1569.235,1527.900,1514.200,1513.379,1491.477,1470.157,1446.802,1401.732,1400.803,1379.938,1360.947,1321.215,1313.319,1280.992,1201.902,1167.928,1151.063,1023.611,1003.036,927.156,908.858,861.763,833.055,791.486,772.811,736.885,715.157,689.523,660.881,577.336,560.713,534.465,507.440,488.349,385.734,344.184,296.132,256.379,256.366,251.676,233.438,223.703,189.077,172.594,160.419,156.732,155.699,137.413,130.490,126.246,115.959,109.862,99.617,65.611,58.645,48.376
395,1950.723,1948.859,1943.510,1941.847,1926.878,1921.178,1918.724,1917.914,1911.102,1911.102,1910.383,1905.331,1902.314,1900.356,1889.818,1884.556,1873.932,1864.520,1861.198,1859.040,1839.938,1831.380,1823.839,1821.975,1821.222,1817.887,1803.541,1788.764,1778.809,1773.973,1762.858,1759.533,1752.176,1734.455,1724.342,1714.710,1661.434,1661.434,1646.469,1632.764,1627.094,1615.312,1614.082,1599.146,1599.071,1594.484,1448.437,1414.967,1378.070,1365.518,1361.416,1354.685,1348.411,1338.031,1286.542,1209.614,1071.626,1067.355,1026.128,1007.719,1006.657,999.245,998.149,956.228,889.060,850.450,830.444,780.491,779.671,709.732,602.143,544.883,541.441,538.872,461.992,425.298,419.901,384.810,380.417,374.094,365.287,350.377,306.204,306.204,240.993,237.714,206.559,192.957,160.908,159.742,146.186,143.436,142.665,141.445,139.227,117.773,115.098,105.941,51.385,25.197
396,2032.939,2010.465,1988.640,1980.608,1971.066,1971.066,1969.592,1956.003,1950.142,1948.809,1948.634,1941.359,1926.250,1915.415,1914.116,1912.451,1907.909,1903.233,1902.950,1887.729,1882.447,1880.790,1879.751,1866.122,1866.084,1861.259,1861.099,1827.120,1825.269,1818.754,1814.722,1802.280,1787.809,1774.308,1763.140,1756.979,1737.462,1724.048,1710.409,1620.960,1607.564,1600.349,1571.750,1562.876,1548.100,1543.927,1532.865,1525.058,1517.119,1477.177,1469.983,1466.474,1438.090,1410.496,1355.987,1348.293,1116.348,1080.767,1070.560,1052.825,1006.649,933.163,879.327,843.288,819.653,720.591,712.349,626.125,583.610,520.475,472.441,458.435,458.239,450.075,440.752,437.440,421.754,410.116,407.761,405.329,403.635,399.085,372.123,346.252,321.376,285.829,259.918,223.565,182.346,176.546,146.683,138.772,136.831,130.656,113.411,104.310,94.130,70.208,61.693,47.750
397,2038.302,2038.302,1995.855,1987.801,1984.139,1952.676,1948.125,1947.974,1947.488,1942.067,1941.464,1934.178,1934.178,1927.685,1913.551,1912.939,1908.463,1907.605,1904.280,1901.463,1900.208,1881.331,1878.933,1874.110,1868.657,1867.667,1867.304,1867.204,1864.807,1859.952,1824.858,1820.132,1811.903,1794.456,1794.456,1786.198,1760.333,1753.331,1708.655,1704.200,1645.340,1639.680,1627.880,1594.457,1593.824,1591.085,1582.612,1555.272,1532.164,1526.745,1491.882,1444.136,1440.679,1434.139,1412.498,1407.222,1390.464,1345.812,1302.835,1295.339,1255.016,1242.029,1207.499,1153.094,931.155,904.028,785.286,662.348,648.394,598.717,571.388,523.839,498.291,468.585,453.260,436.394,435.190,416.674,407.893,314.123,289.872,288.096,268.235,258.959,218.522,216.052,212.716,209.327,175.558,170.742,169.138,143.483,142.621,134.129,122.558,102.945,86.475,57.076,37.071,30.155
398,2037.199,1992.422,1992.422,1972.033,1972.033,1953.866,1952.460,1942.370,1933.769,1913.420,1905.163,1903.690,1903.475,1902.865,1902.776,1901.123,1897.903,1890.053,1886.170,1885.464,1877.747,1874.635,1872.284,1865.183,1862.132,1859.100,1838.179,1824.409,1815.321,1813.543,1802.996,1792.605,1789.509,1783.052,1780.869,1773.177,1750.310,1733.225,1732.879,1727.906,1666.646,1636.576,1636.292,1598.550,1587.381,1550.368,1544.830,1532.771,1488.170,1479.161,1469.654,1455.594,1409.160,1366.842,1364.215,1310.151,1300.201,1272.793,1265.552,1259.716,1099.236,1071.349,1055.126,1013.105,997.927,836.246,828.304,716.774,678.416,616.217,576.130,575.295,515.046,514.170,491.022,429.026,408.953,402.492,389.126,387.056,376.277,374.680,352.262,330.828,285.725,245.290,241.532,225.139,222.934,219.066,203.833,202.785,191.148,168.060,118.681,116.753,59.288,53.128,45.689,45.249
399,2027.063,1997.094,1997.094,1992.922,1986.485,1951.686,1948.938,1948.341,1919.213,1919.213,1906.692,1893.667,1884.963,1876.670,1875.702,1873.398,1871.723,1868.329,1865.252,1859.869,1853.841,1851.294,1843.253,1840.830,1836.810,1835.027,1827.621,1824.658,1823.637,1821.493,1819.436,1812.486,1810.427,1809.542,1796.683,1790.388,1783.400,1777.604,1758.268,1751.426,1720.149,1681.078,1680.367,1678.090,1677.662,1671.373,1664.163,1655.400,1647.104,1631.271,1601.266,1596.854,1562.067,1558.424,1437.459,1407.096,1311.265,1282.932,1251.323,1239.834,1221.204,1125.329,1106.625,1105.288,1104.435,1033.182,907.350,884.494,831.480,797.657,790.586,740.171,702.099,650.345,604.983,551.294,539.604,458.705,453.740,422.859,417.030,410.035,395.691,380.210,379.157,374.518,355.088,262.165,241.135,236.227,218.377,218.271,213.233,150.903,149.853,140.419,124.150,116.581,107.185,52.846
400,1994.477,1982.973,1940.311,1937.359,1933.131,1931.102,1911.514,1901.195,1893.898,1893.724,1892.196,1892.196,1889.294,1884.897,1855.689,1854.626,1854.435,1853.356,1851.765,1850.409,1849.911,1849.567,1846.940,1846.940,1832.389,1826.836,1826.169,1825.905,1824.613,1824.485,1822.854,1813.957,1811.276,1810.955,1808.517,1801.934,1778.752,1778.470,1774.565,1773.710,1771.663,1766.331,1745.777,1732.449,1711.792,1709.529,1702.656,1698.219,1679.578,1677.209,1671.218,1664.611,1656.073,1641.677,1630.097,1624.421,1563.410,1537.280,1473.257,1453.983,1436.997,1362.977,1353.982,1352.766,1327.558,1208.250,1208.250,1036.284,1025.732,922.378,903.365,878.746,875.095,793.029,785.744,645.510,621.476,621.476,544.698,541.820,491.102,489.732,464.820,423.242,409.460,407.564,393.537,384.706,380.144,261.780,218.368,205.996,197.540,176.711,164.007,158.897,144.497,116.823,102.340,100.559
401,2000.677,1973.282,1955.285,1942.699,1941.090,1933.607,1929.497,1928.010,1927.568,1912.432,1908.841,1908.496,1897.320,1891.591,1888.212,1885.946,1877.823,1858.937,1858.464,1856.232,1854.764,1854.764,1850.421,1849.492,1830.274,1825.972,1823.655,1817.125,1816.932,1815.838,1810.895,1810.800,1771.472,1760.144,1697.223,1694.941,1694.691,1665.925,1659.694,1636.464,1636.400,1627.380,1626.544,1602.852,1549.481,1508.593,1464.829,1460.351,1290.566,1268.519,1264.411,1255.545,1146.067,1087.771,1075.894,1071.963,1014.865,994.519,952.988,907.234,870.004,867.187,851.091,828.140,781.154,759.809,746.799,746.628,711.556,671.945,640.346,629.872,502.784,482.865,479.223,469.241,440.885,420.760,400.580,388.915,388.012,356.864,337.849,287.006,282.003,247.912,212.463,200.890,174.512,166.182,164.242,155.916,141.156,128.085,122.984,102.708,95.737,92.906,54.041,43.260
402,2020.979,1974.656,1969.930,1968.152,1959.878,1953.372,1934.869,1930.575,1928.799,1913.510,1911.195,1906.085,1901.670,1899.831,1899.261,1895.218,1894.327,1890.107,1875.411,1871.139,1868.560,1867.995,1867.213,1864.447,1859.762,1846.339,1833.131,1825.471,1817.735,1814.914,1813.541,1811.838,1811.466,1811.458,1801.132,1800.849,1795.723,1792.664,1787.334,1783.856,1781.777,1780.704,1777.204,1773.724,1772.727,1740.305,1735.487,1717.154,1703.031,1694.303,1669.198,1662.829,1612.879,1605.350,1580.993,1577.910,1548.558,1539.321,1516.474,1504.089,1426.401,1357.245,1308.424,1193.600,1175.106,1103.771,1025.638,897.416,884.401,847.905,828.755,800.124,754.894,735.459,621.085,491.756,454.609,415.047,414.446,405.335,403.606,402.259,389.665,389.394,374.854,341.390,296.949,259.437,253.802,222.087,193.852,182.153,180.502,169.394,136.546,123.289,118.005,72.656,61.692,44.694
403,2056.739,2016.312,2015.339,2013.995,2010.815,1998.015,1976.434,1976.154,1975.308,1967.491,1967.418,1956.144,1939.227,1937.505,1932.944,1929.900,1929.789,1928.326,1890.868,1881.090,1872.310,1866.739,1857.891,1855.681,1854.942,1851.473,1851.051,1827.820,1826.745,1826.426,1825.046,1823.625,1787.484,1783.653,1782.123,1780.970,1777.483,1776.650,1775.700,1767.799,1763.102,1760.719,1740.867,1738.700,1736.217,1714.279,1711.664,1698.802,1679.203,1654.066,1637.839,1624.153,1570.107,1565.118,1561.116,1556.135,1552.747,1543.741,1503.082,1439.524,1409.861,1340.609,1324.377,1301.436,1277.881,1118.024,1105.661,1103.242,1095.923,1086.247,1039.851,1015.779,968.629,938.411,882.991,841.018,772.578,704.183,658.261,553.576,549.709,534.175,502.076,461.461,450.855,436.313,414.376,410.286,384.592,275.916,267.970,204.539,150.176,146.150,141.833,105.803,102.026,55.060,47.034,20.712
404,2016.519,1981.926,1981.033,1980.703,1974.596,1974.322,1974.051,1973.997,1970.608,1944.197,1942.188,1939.388,1937.855,1931.845,1931.738,1928.566,1928.049,1927.228,1925.292,1912.929,1889.935,1884.107,1866.565,1856.309,1834.406,1822.229,1821.510,1818.517,1810.594,1809.488,1798.144,1795.766,1789.182,1781.146,1781.055,1777.394,1777.149,1774.729,1773.614,1769.822,1757.654,1748.786,1741.690,1736.260,1706.896,1668.914,1668.685,1660.740,1641.893,1638.297,1631.695,1630.587,1574.182,1550.630,1541.588,1533.877,1530.908,1527.751,1471.482,1420.845,1373.094,1335.862,1275.985,1092.357,1062.350,946.196,917.629,887.402,797.129,659.607,580.705,507.766,483.981,450.424,426.814,423.338,421.005,412.944,408.256,404.663,382.591,374.222,335.828,299.712,273.508,259.894,258.210,234.191,172.346,161.132,159.332,129.912,115.084,104.046,102.376,73.044,71.043,47.620,34.443,28.477
405,2056.304,2054.211,2053.744,2036.063,2016.758,1976.492,1944.166,1941.961,1937.548,1936.786,1934.696,1933.529,1932.618,1932.534,1929.345,1929.105,1925.542,1912.160,1905.115,1902.224,1900.264,1895.891,1890.617,1889.380,1888.714,1875.516,1875.516,1850.439,1842.785,1836.626,1824.555,1822.436,1820.465,1816.520,1794.833,1783.132,1778.826,1778.826,1777.387,1771.466,1766.553,1750.026,1750.026,1748.385,1702.399,1696.124,1690.835,1676.706,1674.540,1672.004,1665.989,1597.055,1595.448,1592.195,1564.387,1544.348,1538.371,1536.587,1492.901,1375.170,1355.369,1195.996,1146.193,1048.336,1048.336,948.726,907.937,799.734,751.060,671.415,643.168,589.899,494.341,477.578,434.816,416.980,407.081,403.263,349.694,337.662,265.781,252.887,245.502,193.589,192.285,171.158,168.694,165.052,154.089,143.607,139.786,138.487,124.416,108.122,107.855,105.030,99.252,93.486,38.344,31.899
406,2016.606,2014.943,2011.602,1995.704,1991.515,1981.431,1980.023,1978.652,1973.448,1973.012,1973.012,1945.219,1940.491,1934.133,1932.330,1929.766,1929.766,1928.301,1921.966,1908.853,1894.702,1888.680,1886.855,1886.038,1883.470,1876.648,1864.614,1856.122,1854.234,1822.609,1819.281,1810.880,1806.917,1788.684,1785.609,1757.656,1707.655,1703.462,1701.208,1669.715,1660.162,1631.065,1587.078,1542.506,1511.324,1392.348,1386.974,1386.005,1355.027,1327.560,1306.542,1276.040,1243.726,1102.737,1092.063,1090.770,1085.409,1024.466,1023.334,1019.947,940.368,829.002,790.018,753.542,709.324,671.332,548.798,538.059,480.906,464.528,458.379,448.032,443.118,433.441,419.694,414.688,406.824,399.690,396.612,392.346,389.476,384.893,374.687,355.163,353.856,234.349,215.901,209.882,169.078,153.447,140.045,139.928,134.717,124.753,116.885,82.660,51.339,43.312,34.301,17.123
407,2109.843,2020.626,2017.322,2016.740,2012.146,1995.809,1978.064,1978.063,1966.711,1939.874,1931.710,1900.813,1894.653,1889.798,1875.607,1875.607,1867.636,1864.576,1853.564,1853.182,1853.182,1835.518,1824.631,1821.482,1819.708,1819.364,1814.511,1789.563,1754.073,1749.265,1742.238,1705.044,1701.211,1685.061,1638.399,1637.551,1592.141,1579.962,1560.532,1509.417,1444.766,1438.532,1425.669,1410.230,1384.604,1341.464,1306.895,1277.962,1266.415,1228.161,1112.974,1110.185,965.583,935.550,932.765,878.754,818.900,784.863,749.457,746.180,728.995,717.480,685.976,632.650,606.735,535.263,501.305,484.979,467.376,431.461,428.993,423.300,414.345,396.921,389.669,386.400,381.699,368.200,366.295,362.705,357.047,279.619,257.980,217.608,215.182,205.912,196.601,168.373,166.403,159.688,156.207,143.755,134.674,126.718,117.900,117.404,104.105,90.184,83.151,30.926
408,2059.634,2051.388,2050.893,2001.771,1990.451,1957.325,1954.793,1935.048,1933.343,1930.137,1928.583,1902.584,1895.143,1894.342,1892.974,1892.974,1892.487,1891.609,1889.203,1885.476,1879.690,1837.375,1836.813,1836.457,1828.815,1823.490,1822.162,1815.632,1812.334,1783.865,1779.581,1768.800,1750.306,1749.732,1748.689,1724.029,1711.022,1655.480,1654.141,1636.281,1620.503,1606.452,1572.514,1509.604,1488.927,1396.251,1372.800,1320.899,1257.760,1238.327,1204.685,1151.521,1136.576,1125.245,1103.547,1079.977,1068.864,1012.084,957.247,943.119,914.384,908.290,842.633,806.185,792.132,745.292,733.315,720.590,600.007,598.073,587.093,587.025,527.394,520.674,493.100,450.190,446.098,438.408,406.690,405.777,405.196,391.695,390.788,371.913,360.397,353.859,260.640,231.883,200.542,200.074,177.787,175.715,158.997,157.644,152.206,123.436,109.784,100.091,70.362,42.593
409,2133.274,2055.983,2016.974,2013.574,2012.006,2009.178,1999.176,1981.277,1976.209,1953.470,1934.770,1930.817,1929.169,1928.487,1905.550,1902.859,1898.717,1898.686,1898.686,1894.125,1894.103,1893.170,1881.135,1872.333,1869.431,1866.753,1864.565,1851.682,1838.265,1828.039,1817.872,1817.016,1809.333,1807.674,1787.151,1776.354,1752.417,1750.679,1745.382,1731.555,1728.313,1711.945,1705.944,1694.213,1692.290,1679.691,1650.876,1636.028,1627.622,1500.617,1490.033,1481.043,1444.564,1395.170,1388.013,1370.037,1278.535,1223.090,1157.703,1119.278,1062.688,1044.831,830.187,595.640,568.679,541.745,485.611,462.911,418.212,407.675,407.206,407.129,406.509,403.974,401.771,397.181,394.329,392.973,374.309,344.493,305.871,268.191,260.032,247.854,222.238,199.935,196.784,193.922,184.652,179.541,142.857,130.522,128.688,122.231,112.243,97.212,94.474,93.229,91.154,37.993
410,2092.663,2058.041,2030.756,2018.427,2017.210,2016.082,2015.647,1996.169,1977.741,1971.964,1970.295,1949.563,1937.923,1936.763,1935.660,1923.256,1919.236,1915.892,1911.850,1888.064,1880.888,1866.708,1865.409,1865.094,1852.198,1839.076,1816.355,1816.355,1800.522,1784.902,1782.869,1774.399,1760.426,1760.340,1752.007,1738.598,1732.894,1712.335,1711.995,1711.984,1704.801,1700.920,1694.814,1689.541,1672.192,1667.264,1664.290,1591.589,1579.525,1573.945,1554.663,1550.620,1516.206,1508.256,1496.382,1493.528,1468.017,1417.104,1363.291,1322.694,1269.986,1260.224,1193.628,1193.448,1146.500,1142.324,1094.804,1023.667,980.839,979.196,944.130,796.468,790.434,777.039,761.630,750.508,739.528,717.246,710.106,691.497,642.586,428.113,387.630,267.194,247.329,229.520,202.344,197.418,196.255,184.494,182.148,158.854,148.803,131.607,119.174,99.746,88.495,79.841,53.043,50.755
411,2115.174,2061.477,2052.531,2019.035,2012.156,1991.826,1982.664,1978.525,1978.142,1976.380,1973.778,1959.918,1959.727,1940.993,1935.078,1933.709,1930.900,1930.647,1930.096,1928.850,1889.044,1888.930,1876.961,1860.727,1856.843,1846.567,1844.129,1835.302,1817.269,1806.366,1787.346,1782.610,1755.806,1752.078,1747.622,1742.261,1716.253,1712.225,1710.323,1709.198,1709.123,1707.674,1703.395,1692.616,1674.322,1669.652,1665.176,1597.999,1586.400,1565.242,1553.621,1546.980,1482.141,1431.364,1429.375,1355.252,1325.338,1231.304,1188.140,1184.575,1154.508,1133.533,1111.832,1046.238,1041.861,1035.885,1001.521,998.598,845.992,799.995,676.389,617.901,533.070,496.399,431.731,428.163,406.222,404.426,394.770,387.168,381.063,376.023,310.618,247.651,220.579,220.559,217.597,208.318,206.355,184.751,184.128,178.063,177.293,162.740,143.344,126.188,124.632,113.439,105.627,38.814
412,2113.460,2053.302,2020.254,2015.863,2010.507,2002.093,1979.006,1977.762,1976.140,1974.518,1967.356,1937.722,1933.244,1930.150,1927.984,1927.984,1911.821,1906.073,1897.073,1894.781,1892.845,1892.427,1888.242,1887.852,1867.526,1855.918,1849.636,1847.630,1844.709,1828.090,1818.856,1813.206,1812.737,1810.892,1808.275,1799.166,1770.183,1742.250,1738.397,1729.634,1693.298,1639.125,1635.609,1622.666,1604.152,1596.542,1575.783,1569.217,1544.886,1507.348,1497.276,1440.429,1435.031,1414.140,1372.442,1364.703,1199.372,1159.050,1060.584,1050.779,983.352,873.141,781.948,752.257,747.011,664.423,633.914,599.957,574.343,550.660,445.049,437.603,414.788,411.518,404.833,403.003,399.702,391.054,390.511,375.277,366.695,365.215,365.113,360.454,341.235,326.464,300.879,251.287,212.789,192.911,171.476,171.476,165.932,159.358,143.313,135.885,130.679,106.688,63.315,39.804
413,2092.978,2056.862,2052.106,2034.774,2029.760,2024.992,2024.992,1980.418,1978.515,1976.725,1969.238,1948.747,1940.879,1933.676,1931.197,1924.646,1921.246,1904.490,1903.231,1899.207,1896.125,1892.159,1889.488,1887.113,1856.116,1849.385,1843.520,1842.421,1832.826,1830.986,1822.152,1809.892,1802.695,1781.708,1780.992,1767.915,1767.812,1767.003,1748.969,1732.784,1732.359,1717.533,1706.472,1704.347,1674.469,1664.695,1662.859,1628.331,1599.744,1591.304,1590.066,1532.478,1514.427,1491.561,1424.145,1356.498,1331.374,1279.621,1278.371,1275.328,1248.324,1190.329,1094.491,1068.284,1062.517,1042.002,945.868,857.734,810.161,806.107,714.871,698.750,598.240,535.290,529.703,523.595,435.961,415.546,413.131,408.118,408.013,400.132,397.138,395.877,389.609,365.489,334.979,266.350,254.014,207.320,164.629,156.191,144.351,140.048,137.864,137.294,124.186,48.924,47.007,29.454
414,2149.977,2056.287,2049.429,2017.326,2015.642,2005.717,2005.717,1978.880,1976.670,1976.542,1976.451,1976.130,1974.681,1964.875,1950.197,1937.382,1936.674,1935.995,1930.724,1929.994,1923.631,1916.754,1900.914,1888.045,1878.822,1871.372,1865.156,1857.270,1856.193,1852.601,1817.672,1807.096,1804.000,1792.720,1785.125,1783.315,1782.170,1755.017,1754.056,1741.856,1731.806,1730.713,1672.797,1662.670,1660.098,1623.552,1594.362,1582.536,1574.835,1492.216,1483.755,1478.796,1418.795,1415.269,1357.442,1340.061,1310.914,1295.632,1211.572,1185.699,1112.158,1034.828,996.420,964.708,955.259,931.642,894.797,885.060,868.758,857.158,839.330,795.647,689.997,557.916,550.995,546.166,526.511,468.280,446.914,417.865,410.759,396.788,309.620,285.376,263.316,253.018,246.503,228.339,223.360,206.134,179.445,170.249,164.703,152.833,139.989,80.571,58.198,52.624,41.360,16.043
415,2172.731,2118.679,2017.064,2016.322,2010.805,2007.678,2007.678,1984.292,1984.291,1979.398,1979.257,1977.971,1976.501,1976.428,1975.789,1961.578,1954.559,1953.554,1933.581,1933.305,1926.318,1919.606,1904.289,1904.093,1897.717,1893.540,1858.522,1857.720,1850.314,1845.085,1832.060,1815.291,1814.670,1801.139,1792.078,1785.275,1740.070,1710.975,1697.395,1634.560,1608.883,1587.434,1556.455,1428.425,1397.960,1298.935,1258.607,1250.107,1200.028,1144.214,1096.332,1089.304,1052.008,1044.074,992.760,743.819,740.073,736.191,727.665,704.988,653.536,609.678,606.468,583.590,570.571,451.453,449.495,445.339,443.761,432.136,419.504,408.359,394.492,391.554,384.774,377.054,372.368,323.365,315.294,309.305,257.861,230.281,203.848,175.736,170.128,169.988,169.413,163.187,162.131,157.229,151.933,149.632,130.293,87.934,63.568,62.514,57.421,43.490,39.855,35.412
416,2090.737,2032.921,2030.975,2030.975,2018.651,2017.152,2013.800,2012.840,1978.205,1977.932,1977.259,1976.776,1969.762,1954.373,1942.217,1937.965,1935.666,1933.585,1933.538,1933.039,1918.135,1891.480,1890.199,1878.316,1864.821,1861.762,1858.012,1857.169,1819.139,1801.708,1787.269,1780.157,1778.061,1761.114,1745.235,1731.340,1714.501,1702.794,1658.810,1646.168,1632.349,1615.526,1614.410,1605.377,1572.531,1512.191,1508.341,1476.501,1369.725,1312.317,1276.118,1126.380,1054.011,1004.685,971.410,965.884,919.808,905.232,889.957,876.563,827.765,818.840,785.046,719.702,661.775,595.646,495.212,472.164,471.827,458.535,450.401,447.704,430.859,414.027,402.092,396.694,396.628,380.271,375.534,373.008,364.420,299.790,264.305,250.211,233.377,209.455,205.316,204.552,175.703,169.953,160.563,153.137,140.880,140.613,140.198,105.458,91.911,91.197,78.241,69.979
417,2056.864,2056.864,2056.076,2031.052,2018.601,2014.122,2012.448,2009.651,2006.704,1999.853,1996.865,1979.688,1975.957,1974.865,1974.703,1972.202,1971.569,1936.469,1932.789,1932.086,1900.570,1895.837,1891.381,1889.055,1869.528,1867.180,1862.688,1818.893,1818.893,1818.705,1816.876,1811.928,1804.893,1804.893,1796.488,1771.267,1744.087,1732.327,1730.053,1710.083,1706.521,1696.820,1656.628,1626.018,1610.032,1535.122,1473.420,1392.589,1355.886,1342.123,1337.284,1248.457,1229.466,1191.143,1156.498,1051.100,915.627,851.285,827.984,773.766,770.172,745.270,703.345,631.671,537.371,524.266,476.680,458.805,443.140,415.733,409.001,389.567,375.529,352.572,344.471,299.275,298.248,293.845,281.634,265.121,260.935,255.950,200.272,192.637,191.210,184.913,177.206,164.967,138.311,131.743,123.800,110.865,97.164,96.361,88.512,67.740,67.660,45.365,34.974,22.870
418,2090.545,2074.081,2039.936,2024.700,2010.718,1998.978,1995.270,1988.603,1978.190,1977.446,1976.108,1976.044,1974.006,1973.898,1973.253,1971.790,1969.102,1969.102,1953.025,1934.170,1933.938,1932.502,1914.959,1914.356,1900.434,1890.121,1871.846,1867.568,1860.349,1834.056,1822.955,1821.376,1815.435,1785.532,1750.488,1748.549,1742.280,1731.792,1731.664,1696.826,1696.195,1660.848,1660.628,1623.596,1597.292,1593.620,1589.478,1548.444,1528.101,1516.878,1509.674,1425.704,1409.817,1394.581,1381.019,1321.186,1276.727,1256.004,1220.672,1188.576,1188.280,1095.938,1092.184,995.475,900.352,897.580,774.513,695.715,667.916,546.576,543.824,471.600,444.535,432.553,431.637,430.862,410.939,396.777,392.731,380.169,372.661,371.610,361.565,285.938,285.097,252.692,217.901,207.820,169.076,166.153,157.817,157.616,148.222,143.067,141.148,140.041,113.035,107.432,53.227,51.648
