150,2198.715,2087.155,2064.390,2043.861,2035.762,2028.322,2015.206,2011.194,2007.504,1981.026,1968.384,1967.127,1957.152,1956.065,1932.496,1931.560,1929.265,1929.265,1908.305,1907.485,1906.893,1905.064,1900.873,1900.873,1895.671,1859.933,1835.182,1818.391,1817.176,1788.132,1777.456,1774.473,1768.544,1767.767,1714.323,1661.398,1619.379,1599.589,1553.925,1552.780,1531.822,1495.645,1379.419,1279.195,1200.983,1199.821,1181.509,1071.309,1064.084,1025.672,999.828,934.828,882.488,797.997,689.440,674.254,560.263,544.101,482.121,452.080,451.752,449.981,433.020,407.397,393.447,389.071,350.109,349.379,322.981,317.731,306.851,298.941,297.634,275.853,270.689,265.150,264.066,233.029,213.303,210.345,199.174,192.428,187.820,181.889,180.168,179.770,169.689,145.201,138.149,138.099,131.510,124.997,110.988,102.036,83.697,78.241,67.510,56.135,32.313,9.357
151,2158.624,2085.136,2071.353,2057.748,2055.600,2037.219,2027.665,2022.985,2022.440,1981.089,1976.359,1951.174,1949.912,1944.695,1942.834,1942.806,1942.806,1941.482,1939.162,1889.436,1885.495,1876.779,1874.119,1866.960,1861.069,1835.263,1814.282,1784.953,1766.153,1763.795,1741.028,1704.354,1667.315,1658.409,1656.817,1651.812,1543.837,1534.591,1463.411,1420.473,1411.995,1388.945,1380.768,1359.065,1328.771,1315.117,1305.884,1245.258,1242.786,1186.777,1184.686,1127.983,1085.811,963.605,950.284,949.237,908.102,898.863,876.721,688.418,594.287,592.924,562.729,551.065,527.262,522.026,446.060,383.625,376.688,358.913,356.033,352.580,350.648,348.173,342.277,335.234,325.729,307.300,306.129,303.199,292.557,283.723,222.891,214.045,203.861,187.089,175.799,166.958,162.081,154.839,142.211,130.147,111.619,107.600,101.647,88.770,85.121,81.528,67.610,58.228
152,2198.653,2140.710,2072.470,2068.306,2068.071,2065.646,2032.571,2031.752,2027.020,2025.154,2025.154,2024.282,2023.518,2004.787,2002.582,1988.049,1976.873,1915.332,1911.929,1900.344,1898.678,1866.889,1861.918,1828.244,1825.539,1793.494,1782.128,1726.820,1624.579,1600.233,1592.095,1524.338,1507.289,1455.962,1377.083,1316.937,1299.369,1284.263,1261.657,1255.903,1166.927,1149.342,1086.327,1059.263,990.944,940.052,845.885,761.330,691.794,682.039,639.825,605.540,590.348,518.309,496.405,443.574,424.568,403.261,379.803,377.952,377.609,376.783,374.714,372.039,368.923,364.350,363.937,360.345,353.794,352.251,341.630,339.001,337.519,333.952,310.267,306.309,296.556,283.102,273.458,266.873,253.753,240.591,231.533,205.109,186.942,184.462,162.156,152.511,144.494,97.455,84.391,82.720,81.543,80.358,78.546,77.136,76.828,43.735,40.449,19.310
153,2202.543,2065.354,2065.253,2040.618,2028.388,2022.942,2013.170,2005.654,1997.669,1982.592,1981.988,1981.988,1981.230,1976.913,1972.434,1960.123,1949.463,1945.993,1941.843,1940.159,1939.341,1865.351,1858.713,1856.060,1854.243,1797.216,1783.884,1780.736,1780.736,1776.016,1770.405,1764.698,1707.631,1692.468,1652.561,1591.213,1532.401,1479.052,1473.380,1459.366,1455.257,1424.146,1404.433,1386.386,1375.042,1320.333,1269.890,1247.438,1114.328,1048.538,939.947,913.886,868.763,742.077,742.077,727.585,701.757,679.991,670.534,641.592,636.750,540.224,489.229,466.256,434.211,427.751,406.774,402.189,394.060,387.111,375.435,366.391,360.581,357.220,354.539,351.873,343.036,331.343,311.938,290.605,285.146,247.346,238.643,225.220,222.800,196.613,182.788,155.112,152.188,136.723,124.553,104.850,91.012,84.203,81.556,80.067,58.402,50.733,36.240,20.113
154,2239.441,2064.688,2061.923,2059.906,2058.463,2053.687,2048.424,2033.906,2024.773,2024.569,2023.959,2023.094,1992.567,1992.567,1988.850,1985.484,1983.675,1978.075,1970.627,1966.297,1964.500,1932.619,1931.302,1872.883,1863.956,1856.583,1823.621,1823.507,1817.520,1779.752,1740.562,1728.813,1713.795,1670.566,1667.692,1617.205,1612.604,1579.469,1573.785,1560.861,1551.846,1531.315,1505.631,1422.986,1404.636,1375.381,1264.914,1263.310,1257.631,1255.563,1217.542,1192.530,1169.735,1168.633,1161.243,1136.760,1101.427,1100.802,1000.500,1000.383,978.471,956.747,931.241,922.289,919.329,845.700,841.113,784.912,780.157,754.835,619.785,550.895,494.053,430.059,409.715,401.617,372.309,308.239,305.114,297.504,276.360,273.892,259.411,259.231,248.130,242.866,238.775,223.747,222.577,208.071,189.896,163.730,160.698,115.323,87.148,79.370,54.418,44.607,10.087,9.367
155,2148.422,2115.871,2096.541,2069.048,2055.198,2045.232,2039.106,2028.804,2026.194,2026.065,2025.895,2025.895,2020.388,2004.124,1987.013,1985.182,1977.210,1975.421,1973.031,1971.745,1948.912,1944.064,1943.487,1938.342,1928.118,1927.899,1906.071,1867.971,1845.481,1827.113,1822.553,1819.506,1767.080,1751.739,1747.951,1742.747,1739.852,1702.740,1698.626,1660.606,1619.272,1585.663,1578.817,1555.455,1539.530,1491.071,1480.100,1460.325,1434.354,1373.433,1313.623,1301.593,1256.642,1187.921,1124.559,1115.221,1114.348,1089.659,1020.397,1015.734,974.181,964.427,895.115,881.358,856.296,847.489,823.779,817.411,813.052,788.822,743.441,721.627,719.445,706.720,639.530,635.111,630.930,594.706,520.380,328.434,327.197,284.297,274.788,257.309,255.967,236.204,230.159,213.365,208.203,186.843,175.629,167.138,166.732,158.992,150.533,141.899,131.385,104.948,81.617,40.395
156,2199.927,2178.763,2111.814,2103.852,2079.633,2064.654,2053.222,2018.303,1999.287,1988.648,1987.044,1987.012,1986.531,1985.410,1983.988,1983.346,1980.412,1977.377,1976.450,1952.083,1947.573,1939.560,1938.651,1934.745,1920.024,1912.751,1912.751,1906.436,1882.398,1867.318,1803.910,1789.643,1783.675,1783.675,1775.167,1751.169,1733.789,1722.621,1620.268,1617.423,1595.744,1549.843,1549.843,1493.497,1460.948,1420.231,1413.197,1405.707,1386.506,1378.984,1346.124,1331.226,1216.459,1184.265,1172.514,1056.327,1037.925,1030.023,977.492,958.766,854.407,813.519,774.532,763.411,735.062,729.842,611.847,545.768,492.260,448.686,438.164,412.006,390.525,379.297,369.048,361.700,353.930,353.853,353.702,311.562,307.742,305.434,283.143,276.792,262.420,245.745,241.329,228.507,186.654,186.471,146.021,139.532,119.873,109.218,96.531,81.471,36.152,35.561,34.054,31.525
157,2199.859,2109.338,2074.493,2072.014,2068.398,2063.336,2055.729,2043.197,2029.534,2026.932,2006.385,1985.663,1980.548,1964.845,1948.080,1945.815,1945.559,1940.390,1923.928,1920.802,1919.944,1907.702,1830.882,1822.048,1777.353,1687.903,1686.548,1645.954,1574.783,1555.646,1542.725,1536.938,1532.024,1504.209,1501.622,1445.374,1421.709,1328.745,1325.939,1166.657,1134.834,1116.336,1114.727,1099.225,1093.648,1071.033,1037.667,1035.726,1000.156,975.789,955.508,945.637,931.038,926.956,901.574,886.285,878.669,874.001,723.718,666.152,650.866,558.098,549.398,502.878,501.013,477.228,429.826,426.142,416.741,415.391,413.235,393.643,358.985,355.293,337.155,323.917,308.926,300.053,265.467,251.944,243.797,241.769,241.086,215.321,196.572,192.114,186.212,178.089,177.595,176.569,171.177,160.090,151.115,141.703,119.619,101.148,97.889,77.728,77.167,64.257
158,2157.038,2130.780,2129.571,2113.426,2111.097,2110.308,2069.480,2068.340,2067.043,2065.090,2038.935,2027.532,2021.355,2013.473,1994.481,1993.815,1991.235,1985.856,1985.734,1984.117,1983.814,1962.043,1950.440,1948.190,1943.569,1932.551,1918.853,1916.542,1877.738,1876.432,1857.007,1824.746,1780.548,1726.056,1703.790,1699.739,1694.920,1664.212,1661.647,1653.711,1647.280,1616.301,1571.541,1557.979,1463.989,1461.635,1411.097,1371.647,1347.485,1331.940,1324.094,1304.118,1184.916,1132.352,1121.845,1069.829,1041.225,1005.787,1003.157,924.438,921.767,681.732,676.508,526.843,480.577,468.457,466.711,392.469,386.586,371.107,367.038,354.058,353.310,342.791,340.744,305.586,302.521,302.521,302.205,271.931,253.971,215.683,214.953,212.936,209.819,188.895,174.374,174.374,174.050,167.133,144.005,139.833,134.922,101.039,90.447,88.991,87.361,81.683,77.174,40.206
159,2197.536,2191.349,2152.833,2114.370,2071.259,2069.515,2068.399,2041.604,2027.135,2024.135,1986.325,1975.988,1963.003,1947.697,1942.148,1942.006,1939.955,1929.074,1902.578,1902.377,1899.890,1883.579,1860.171,1824.005,1821.222,1821.183,1821.183,1814.148,1814.148,1767.362,1656.578,1625.080,1611.341,1581.651,1567.202,1550.834,1545.690,1544.856,1538.602,1497.117,1410.435,1383.159,1374.189,1353.990,1290.643,1284.453,1257.092,1208.825,1195.946,1150.622,1130.786,1128.502,1128.151,1105.130,1081.692,1053.228,1045.382,1042.750,1026.071,1006.741,865.725,849.599,715.297,701.891,656.480,594.898,397.089,391.665,388.726,380.357,368.864,368.705,363.323,354.751,352.071,349.545,329.151,281.596,270.273,252.899,249.335,237.719,220.951,216.408,212.887,209.107,200.153,197.779,191.452,171.992,170.785,160.171,158.937,126.125,105.862,104.820,79.304,78.876,68.375,45.328
160,1883.491,1847.479,1842.421,1842.401,1839.146,1837.660,1836.349,1813.895,1802.011,1799.377,1793.584,1790.633,1786.471,1781.790,1769.039,1767.233,1762.355,1756.918,1751.936,1748.698,1734.321,1733.983,1726.134,1721.752,1715.501,1713.153,1712.131,1711.781,1711.625,1711.049,1697.993,1697.054,1690.517,1690.381,1666.601,1656.997,1652.702,1647.003,1637.341,1624.273,1624.256,1590.563,1589.181,1573.315,1567.834,1564.848,1560.328,1544.460,1521.511,1516.635,1478.511,1440.493,1423.338,1318.129,1184.118,1181.551,1172.981,1170.277,1115.478,1072.276,1070.621,1060.989,1042.414,1022.195,936.440,899.618,882.196,855.781,731.605,687.213,483.803,464.390,463.129,450.463,419.466,406.825,380.318,376.003,368.921,350.436,319.741,303.503,301.453,297.325,281.679,280.081,265.916,251.584,240.753,210.378,204.985,171.859,143.199,138.892,134.279,124.399,109.743,84.920,83.218,78.229
161,1882.773,1880.018,1828.363,1822.746,1818.101,1806.988,1802.472,1801.643,1800.735,1797.493,1776.266,1775.802,1766.521,1764.055,1762.072,1758.780,1757.458,1748.251,1744.782,1737.766,1726.999,1726.847,1721.548,1720.886,1716.158,1714.968,1707.520,1689.126,1685.265,1671.335,1650.831,1638.160,1635.151,1635.110,1629.953,1622.256,1622.256,1607.105,1566.409,1553.990,1551.830,1522.407,1473.095,1420.692,1404.224,1344.401,1306.235,1238.874,1234.786,1156.281,1156.281,1129.104,1105.638,1069.423,1026.683,961.360,946.238,885.484,821.041,807.638,799.082,796.399,784.212,726.165,704.583,686.084,680.710,663.625,630.685,625.158,610.373,595.427,565.416,516.795,433.887,399.464,378.146,375.990,372.192,366.416,325.354,312.045,304.385,257.456,206.521,195.869,181.708,168.673,165.556,154.101,153.429,145.098,131.557,103.856,88.212,84.000,78.957,78.818,39.411,24.734
162,1893.624,1876.991,1858.428,1844.536,1842.138,1824.076,1814.909,1803.972,1803.696,1801.879,1799.530,1788.678,1773.565,1769.641,1757.747,1756.442,1756.101,1754.054,1750.013,1744.666,1740.960,1730.959,1727.043,1723.928,1715.211,1713.101,1708.602,1695.557,1686.849,1635.220,1620.597,1599.984,1595.724,1586.251,1582.766,1574.136,1553.765,1509.555,1486.131,1432.314,1430.791,1357.430,1313.531,1313.531,1302.973,1292.341,1291.986,1263.317,1257.117,1229.194,1227.316,1213.104,1199.203,1187.052,1184.335,1157.414,1104.981,1102.819,1048.979,965.675,818.870,815.871,815.505,808.162,764.065,696.623,677.313,635.606,522.428,510.811,448.603,429.434,412.089,411.139,384.990,380.837,377.309,323.885,304.973,301.810,287.759,287.759,251.206,247.793,225.945,213.260,205.941,185.757,182.241,166.751,164.174,157.961,144.532,131.173,130.766,104.344,81.559,78.273,56.219,54.119
163,1922.267,1888.036,1846.104,1843.808,1836.184,1824.735,1817.123,1814.161,1805.619,1799.847,1799.110,1798.590,1776.493,1766.606,1764.035,1758.713,1756.884,1755.325,1754.374,1746.158,1736.095,1734.918,1729.133,1722.856,1722.284,1716.445,1713.354,1712.308,1709.865,1701.673,1688.716,1674.720,1670.117,1636.470,1635.941,1631.746,1560.396,1560.223,1559.551,1538.193,1518.218,1511.829,1507.161,1473.520,1457.174,1442.249,1421.221,1394.967,1365.875,1310.416,1310.116,1257.346,1241.988,1225.004,1221.768,1186.371,1125.998,1122.849,1110.648,1087.493,1021.607,942.611,832.119,814.300,796.537,725.412,701.722,598.687,471.300,466.853,459.920,458.242,431.755,429.428,427.533,406.269,402.733,378.438,376.039,368.139,361.169,322.275,242.315,237.412,232.465,221.972,221.018,219.526,188.005,176.979,167.072,153.844,150.704,144.174,131.400,95.943,94.720,86.732,70.418,9.362
164,1942.646,1887.674,1886.032,1879.574,1846.941,1842.898,1839.601,1839.480,1837.458,1832.315,1813.684,1806.017,1802.187,1798.822,1797.546,1792.487,1790.436,1779.157,1777.786,1764.346,1764.130,1761.695,1755.923,1752.953,1748.438,1736.091,1733.780,1718.464,1717.062,1714.760,1714.521,1712.192,1711.364,1673.412,1670.649,1636.949,1565.300,1561.079,1206.412,1204.866,1128.578,1101.856,1065.081,1063.863,1043.328,1011.539,942.707,936.941,916.411,907.083,905.664,902.688,873.386,870.888,806.180,749.297,683.738,645.399,569.388,550.864,505.701,496.763,496.546,493.285,480.865,449.033,419.547,416.971,409.278,393.080,381.602,379.465,378.502,377.525,373.509,367.267,364.117,361.172,357.004,296.801,259.345,239.044,229.998,215.257,188.900,172.224,156.138,153.164,130.550,108.926,108.303,95.687,82.524,74.880,64.242,42.721,31.458,28.877,27.327,18.399
165,1887.052,1880.016,1878.653,1844.700,1840.595,1839.940,1838.916,1832.736,1821.528,1817.453,1806.052,1800.002,1798.137,1795.697,1783.623,1770.615,1762.732,1761.284,1755.975,1719.705,1718.010,1715.774,1690.755,1681.200,1676.902,1675.295,1670.776,1665.473,1665.200,1661.400,1638.667,1628.686,1603.940,1600.654,1595.409,1584.995,1560.262,1543.765,1534.238,1508.761,1434.773,1361.619,1314.493,1299.414,1285.856,1282.907,1240.691,1237.758,1225.814,1164.430,1097.110,1082.183,1059.507,1043.009,1038.688,1034.603,999.015,916.645,904.568,879.804,824.709,810.151,774.875,768.914,718.166,624.369,599.764,588.734,517.281,509.637,467.850,462.772,446.764,395.577,379.521,378.959,378.692,377.520,334.034,291.481,288.031,258.178,257.359,257.156,245.555,234.984,227.262,192.276,179.455,177.431,162.409,159.912,137.160,110.512,108.094,97.081,71.117,67.206,65.550,34.676
166,1919.893,1900.477,1886.783,1885.986,1880.358,1880.358,1843.719,1839.077,1837.560,1836.396,1817.121,1806.505,1804.304,1803.526,1798.257,1798.093,1797.867,1796.207,1793.068,1787.159,1781.988,1777.164,1769.965,1763.854,1757.418,1755.375,1751.068,1745.599,1740.129,1725.615,1719.871,1718.613,1715.376,1712.232,1690.855,1680.774,1638.007,1637.908,1624.852,1607.182,1600.129,1596.361,1576.101,1515.714,1500.884,1452.995,1419.240,1418.636,1398.785,1303.737,1262.543,1235.612,1235.612,1216.238,1193.464,1167.647,1138.204,1125.655,1097.716,1071.316,1068.900,1058.436,967.372,943.894,891.628,884.695,851.983,847.151,651.039,551.480,543.082,534.331,426.253,373.061,368.304,363.918,354.708,315.168,304.024,294.636,271.147,262.901,262.798,243.593,238.772,236.099,204.022,202.399,169.412,160.857,120.382,115.039,109.213,106.248,104.556,93.286,92.594,86.885,42.365,37.910
167,2014.722,1920.896,1920.896,1889.105,1887.253,1883.426,1880.585,1878.576,1847.795,1845.325,1842.678,1840.942,1837.772,1836.773,1822.819,1822.492,1821.856,1804.161,1801.925,1800.899,1798.663,1798.160,1794.183,1779.009,1759.592,1754.667,1752.414,1695.032,1681.436,1670.020,1642.853,1626.694,1539.395,1511.948,1494.277,1477.157,1465.130,1458.651,1434.814,1306.042,1278.970,1276.169,1236.350,1179.683,1120.769,1100.844,1034.162,984.334,955.205,953.029,947.772,923.824,856.531,792.098,792.000,768.175,707.996,690.492,679.211,641.656,598.032,519.890,503.775,475.017,454.466,437.653,435.876,426.829,423.646,418.116,415.248,403.161,387.728,384.828,380.210,323.761,293.880,246.370,242.180,202.533,199.346,195.866,158.394,146.561,142.617,138.733,133.592,126.265,125.266,110.197,104.967,86.676,86.588,83.164,81.783,65.834,40.125,39.301,38.866,22.253
168,1952.743,1945.899,1922.703,1922.703,1905.605,1884.925,1877.115,1876.087,1872.376,1869.941,1862.406,1862.406,1852.563,1845.276,1844.738,1844.596,1842.426,1841.512,1806.481,1802.062,1799.896,1798.460,1795.981,1778.923,1755.900,1755.497,1754.199,1751.853,1740.167,1719.399,1712.573,1698.606,1698.557,1695.503,1680.506,1671.513,1653.887,1611.416,1583.886,1562.045,1547.593,1442.042,1408.085,1402.740,1299.261,1291.430,1224.716,1182.553,1170.527,1140.949,1134.210,1134.210,1100.622,1093.801,1080.585,1052.126,1026.426,958.213,957.223,919.350,914.472,857.339,753.012,733.795,684.430,648.644,558.066,556.258,528.210,506.246,499.881,480.847,476.883,467.984,425.700,406.917,390.212,384.671,380.945,376.281,364.272,363.340,324.916,266.784,261.332,248.872,245.123,225.021,197.772,194.298,162.980,142.064,108.457,87.423,84.181,82.490,81.758,81.145,53.584,45.063
169,2031.385,2012.289,1946.673,1942.900,1923.385,1923.385,1919.487,1919.307,1905.160,1892.074,1884.832,1873.597,1867.054,1844.637,1844.230,1843.717,1843.717,1839.852,1834.558,1803.536,1802.336,1802.123,1781.586,1767.292,1759.222,1754.479,1745.838,1723.804,1723.804,1714.154,1710.540,1656.496,1647.569,1641.571,1633.945,1632.187,1628.760,1616.896,1594.882,1553.773,1523.707,1469.004,1411.513,1386.658,1376.438,1346.018,1337.538,1326.412,1313.734,1215.096,1204.997,1188.842,1046.984,1012.696,1012.696,949.703,946.237,785.362,769.593,758.600,750.536,682.731,654.414,638.764,629.796,617.403,600.124,531.387,487.418,467.605,439.828,433.815,433.242,421.129,419.784,393.781,378.350,376.187,326.985,312.082,305.975,280.837,274.316,260.895,250.823,248.717,227.802,221.064,216.435,202.523,196.772,185.797,181.591,174.540,126.251,97.939,61.545,54.646,48.359,42.256
170,1974.856,1960.828,1960.828,1959.922,1955.470,1952.008,1927.973,1891.122,1889.333,1885.048,1876.933,1866.355,1862.350,1862.350,1844.589,1840.350,1840.043,1835.816,1834.595,1828.274,1817.668,1806.639,1805.084,1779.962,1766.335,1706.620,1686.319,1681.782,1679.905,1673.163,1672.519,1655.817,1639.521,1635.484,1603.180,1595.797,1547.472,1477.774,1466.312,1452.172,1421.983,1366.543,1348.535,1320.100,1246.235,1158.661,1115.558,1098.659,1098.337,1095.823,1068.678,971.924,932.558,925.361,865.887,766.893,731.614,719.056,717.077,692.980,642.063,632.848,569.566,474.571,474.414,469.316,433.841,433.317,410.148,396.046,388.871,386.523,378.821,370.168,332.290,328.728,317.496,305.815,259.297,254.357,245.779,243.995,236.656,224.883,210.665,198.409,195.342,183.831,181.098,175.260,171.465,155.104,100.247,82.020,79.085,78.700,77.145,45.394,44.750,22.588
171,2016.456,1987.887,1945.667,1923.295,1923.295,1922.356,1912.357,1903.410,1889.534,1889.371,1885.325,1862.725,1862.725,1848.413,1832.261,1803.356,1800.068,1798.620,1798.493,1796.452,1796.131,1787.456,1771.536,1768.061,1762.752,1757.659,1750.910,1741.906,1726.513,1713.017,1710.887,1674.730,1619.265,1618.397,1588.752,1577.782,1561.542,1533.783,1464.600,1407.628,1374.895,1369.601,1317.315,1235.508,1231.865,1191.924,1190.503,1149.478,1032.089,1022.248,1002.139,973.997,912.815,865.910,863.269,829.959,819.178,794.862,744.002,707.723,698.822,690.392,654.371,585.817,539.172,512.301,461.471,461.297,444.956,430.904,427.048,425.533,413.561,398.408,397.241,385.214,380.979,375.225,369.521,364.717,342.789,336.970,335.517,334.876,272.267,255.054,247.553,246.333,244.870,236.925,232.533,231.918,197.879,117.008,106.175,96.470,94.023,90.482,80.209,45.091
172,2016.347,1989.457,1965.858,1962.206,1948.390,1925.188,1919.567,1919.567,1915.072,1912.280,1904.205,1889.032,1885.320,1881.427,1881.427,1879.367,1863.206,1855.759,1845.197,1843.336,1840.134,1835.756,1802.477,1801.824,1791.630,1791.068,1778.316,1767.854,1767.131,1759.090,1730.747,1718.507,1714.494,1712.487,1701.533,1679.432,1658.598,1629.304,1626.294,1622.891,1608.268,1565.695,1565.463,1536.204,1526.594,1482.911,1430.766,1422.444,1318.389,1317.212,1302.483,1201.181,1189.047,1188.407,1174.150,1117.591,1111.525,1069.551,1068.908,1031.639,893.076,853.893,797.637,649.257,531.527,528.197,435.523,428.076,411.176,386.815,369.279,350.976,290.616,286.910,281.553,281.000,248.295,238.177,190.250,177.517,175.974,168.690,155.640,145.557,144.725,140.401,139.248,138.853,129.144,124.978,124.099,116.642,93.462,88.207,86.883,86.529,85.866,79.935,78.772,29.100
173,1970.753,1961.273,1961.273,1924.792,1922.342,1905.650,1905.503,1903.933,1896.051,1889.056,1888.551,1884.473,1869.955,1869.647,1861.366,1859.493,1859.493,1855.065,1851.184,1847.343,1846.842,1836.739,1829.133,1820.639,1802.237,1764.019,1762.340,1759.034,1757.774,1748.884,1728.428,1723.404,1718.901,1718.471,1675.207,1673.149,1663.664,1613.090,1570.267,1453.409,1357.289,1332.094,1275.685,1248.046,1237.634,1186.954,1158.114,1076.744,1034.487,986.933,985.540,971.006,921.004,914.817,822.450,780.451,776.653,647.072,589.865,469.480,428.790,426.513,417.012,413.128,392.662,383.282,377.864,377.564,376.724,376.281,375.232,373.423,372.191,326.399,268.879,268.642,234.843,233.941,233.809,232.061,221.690,217.858,211.727,205.955,193.538,169.472,155.766,147.570,147.193,135.329,127.420,117.173,100.355,85.351,84.232,83.558,82.630,81.493,65.338,22.827
174,2031.601,2016.303,1983.351,1955.325,1928.829,1919.823,1919.823,1914.978,1907.673,1895.223,1892.945,1891.552,1889.483,1888.891,1886.751,1886.751,1885.018,1882.704,1881.711,1881.711,1872.034,1865.626,1853.052,1839.018,1826.556,1775.597,1774.479,1758.647,1751.089,1744.594,1648.958,1625.555,1607.784,1606.559,1601.034,1599.696,1586.833,1581.714,1565.162,1537.397,1518.088,1510.840,1433.076,1414.719,1306.579,1284.227,1276.167,1243.709,1031.252,1011.701,1002.510,972.776,962.505,938.659,935.571,888.186,825.010,801.343,775.613,686.893,600.952,600.761,596.433,565.717,501.581,471.634,446.591,427.156,395.522,384.477,383.557,378.128,372.546,369.983,347.488,322.944,293.669,289.189,278.692,271.965,261.729,244.350,218.931,209.876,191.408,189.693,172.157,166.346,146.091,144.061,120.208,119.098,109.306,108.045,103.979,93.668,83.761,83.695,79.353,52.149
175,2057.673,2045.396,1974.570,1968.710,1953.638,1942.631,1937.904,1932.747,1919.673,1914.795,1890.993,1890.348,1888.715,1880.182,1880.182,1874.843,1852.239,1844.703,1844.703,1844.487,1841.211,1831.265,1831.082,1830.042,1827.079,1824.791,1824.791,1803.792,1791.790,1758.142,1758.142,1742.552,1727.397,1723.984,1716.117,1710.834,1710.834,1682.960,1661.258,1651.697,1540.755,1520.404,1517.295,1271.194,1252.399,1230.250,1196.091,1183.037,1104.877,1019.659,905.790,902.077,892.280,815.399,707.859,702.470,698.177,692.742,598.070,560.457,554.800,518.467,476.934,420.668,417.287,412.010,405.773,404.048,384.228,364.550,344.604,340.485,325.722,324.833,318.418,302.336,293.272,284.045,252.107,230.911,226.053,223.794,217.478,205.239,204.916,148.508,147.002,144.449,143.128,120.175,119.417,116.161,105.040,87.135,80.314,79.633,77.574,71.831,44.861,25.974
176,2090.853,2017.248,2012.245,2011.976,1993.308,1981.722,1970.868,1960.339,1960.339,1940.312,1931.276,1926.441,1917.779,1914.330,1901.283,1891.763,1884.458,1869.960,1853.468,1845.937,1845.937,1844.156,1829.532,1815.223,1810.467,1809.079,1806.370,1806.305,1789.591,1767.064,1763.145,1721.683,1699.437,1690.730,1682.945,1644.194,1639.415,1607.595,1607.551,1590.364,1573.559,1500.307,1486.499,1470.484,1462.818,1319.022,1228.217,1225.597,1161.453,1040.579,1032.540,1025.528,947.924,864.029,860.868,858.863,831.520,831.322,768.889,634.797,590.372,590.372,552.525,530.198,514.880,510.886,507.237,449.169,424.855,418.612,418.612,387.073,384.905,376.222,370.870,363.393,323.209,313.597,261.792,257.383,255.679,238.144,236.556,233.342,231.870,231.212,208.756,176.254,169.672,156.934,151.789,124.854,122.287,120.314,88.232,83.647,78.908,77.289,50.094,47.837
177,2062.607,2056.637,2025.687,1989.923,1979.590,1966.165,1938.014,1936.380,1931.418,1930.633,1928.460,1919.403,1919.014,1886.768,1884.660,1879.570,1879.570,1876.886,1847.179,1840.149,1808.188,1795.708,1758.871,1757.650,1756.802,1756.275,1745.499,1745.499,1730.165,1714.817,1711.075,1653.141,1652.570,1639.664,1636.623,1611.158,1582.632,1582.533,1581.369,1542.107,1542.044,1537.123,1331.315,1316.255,1311.182,1310.911,1264.094,1242.299,1228.747,1158.272,1152.409,1083.599,1008.357,1001.725,987.601,973.678,949.865,886.119,862.987,858.331,825.063,730.933,691.389,689.764,586.012,546.352,529.540,493.224,470.172,468.387,454.783,445.768,436.677,425.385,420.822,418.278,415.457,401.455,389.891,360.125,267.970,247.301,236.318,233.573,226.339,182.589,177.293,173.603,146.598,136.259,136.259,127.507,96.438,92.700,87.427,83.026,59.312,55.208,43.038,37.013
178,2061.869,2012.220,2010.956,2003.528,1998.089,1984.696,1975.493,1973.759,1972.589,1965.210,1938.015,1933.330,1932.496,1932.496,1928.637,1921.484,1907.776,1890.617,1889.350,1886.418,1882.777,1876.623,1876.623,1876.363,1875.543,1874.702,1863.008,1842.653,1833.701,1811.193,1811.193,1809.800,1807.920,1806.584,1805.805,1802.980,1801.619,1782.855,1761.156,1730.130,1691.795,1597.921,1596.276,1592.279,1569.945,1557.295,1544.139,1374.083,1362.316,1324.831,1248.667,1171.827,1127.338,1103.002,1086.228,1028.497,1001.154,865.309,829.382,785.564,749.736,683.113,670.951,666.104,655.788,573.246,551.850,536.611,464.448,445.150,443.799,436.333,427.961,427.919,425.934,418.604,389.507,344.888,310.204,306.591,263.081,258.554,255.589,236.120,232.754,232.287,214.890,214.268,213.131,204.766,179.305,149.915,149.509,145.562,142.838,122.244,119.504,101.245,82.008,46.503
179,2051.272,2018.313,2009.840,1995.768,1977.057,1973.869,1973.443,1963.224,1961.338,1929.265,1927.636,1926.583,1925.300,1916.453,1912.661,1908.293,1907.225,1890.814,1887.479,1875.070,1873.983,1856.560,1855.630,1848.656,1848.656,1845.847,1844.793,1843.837,1828.505,1817.067,1804.837,1803.906,1780.755,1769.027,1751.708,1743.983,1741.928,1732.917,1731.004,1728.028,1705.418,1683.318,1677.254,1674.946,1564.429,1561.278,1508.671,1439.088,1433.159,1412.463,1408.562,1273.914,1232.487,1172.038,1064.331,1050.532,1027.777,995.086,938.049,814.102,746.802,731.010,683.624,678.137,576.927,505.702,477.617,468.853,463.038,450.336,449.785,428.193,425.469,421.818,421.610,419.629,418.868,414.966,387.631,368.089,327.690,279.888,275.403,268.439,259.030,256.178,231.639,194.625,180.903,168.957,150.299,123.470,119.685,87.872,83.637,83.427,82.851,82.064,57.410,42.272
180,2145.136,2127.633,2110.163,2101.172,2086.134,2073.183,2055.901,2013.565,2011.210,1991.547,1982.161,1976.522,1974.958,1971.856,1957.963,1956.640,1949.290,1941.330,1930.683,1922.677,1895.168,1891.985,1890.010,1886.628,1884.088,1882.087,1874.060,1872.737,1865.319,1857.533,1837.275,1814.063,1798.123,1797.342,1789.130,1781.300,1761.650,1733.604,1697.405,1685.824,1666.267,1638.371,1628.943,1566.460,1533.361,1531.287,1530.928,1528.921,1510.383,1509.646,1487.745,1429.197,1395.873,1354.211,1330.969,1297.634,1295.365,1281.196,1228.637,1058.064,984.166,913.955,880.737,862.326,859.793,726.343,619.279,578.904,495.313,454.836,438.002,392.601,389.443,365.657,362.535,316.362,270.445,269.276,257.252,242.384,236.963,234.556,234.039,228.277,207.048,193.798,171.854,150.767,148.559,146.617,145.114,107.920,87.272,80.463,80.216,79.209,77.836,57.363,47.298,26.062
181,2191.560,2113.467,2101.969,2099.518,2070.983,2062.644,2060.107,2030.439,2023.868,2019.199,2013.994,2012.752,2008.321,2004.793,1997.916,1989.766,1974.050,1972.239,1971.349,1953.933,1927.824,1922.859,1908.320,1889.716,1888.986,1853.930,1839.980,1814.453,1809.135,1791.537,1782.222,1771.008,1740.524,1736.915,1735.250,1656.059,1494.322,1466.312,1439.923,1384.030,1354.961,1299.980,1286.558,1277.050,1200.545,1180.225,1137.679,993.329,943.380,907.395,896.523,858.471,789.997,775.911,687.809,642.568,553.797,549.809,543.191,476.019,414.315,413.416,407.112,405.875,364.582,362.916,362.120,361.161,360.271,355.539,331.961,285.926,280.316,265.589,241.543,240.471,223.901,219.446,216.899,203.332,194.244,193.282,186.435,173.612,165.606,163.314,161.383,159.483,155.818,150.475,140.011,106.276,94.922,87.926,85.355,77.035,48.244,46.185,45.263,42.555
182,2152.511,2142.804,2129.457,2111.923,2104.701,2100.437,2069.945,2069.647,2064.375,2062.896,2062.713,2055.202,2017.487,2011.500,2010.407,1999.195,1999.078,1997.635,1938.867,1928.928,1926.323,1919.432,1902.815,1886.521,1884.039,1883.207,1867.564,1817.487,1815.386,1781.444,1779.973,1771.682,1767.510,1712.280,1712.280,1555.605,1482.991,1482.547,1438.780,1371.399,1337.858,1316.499,1285.556,1217.888,1191.462,1179.395,1165.136,1165.136,1116.627,1068.221,1061.006,992.564,844.584,732.654,715.131,711.153,704.640,509.251,490.098,455.410,444.958,438.381,428.978,412.725,406.296,400.564,399.963,399.229,397.821,395.165,387.518,386.020,381.957,381.676,363.920,359.414,341.272,238.858,225.569,204.924,169.718,161.533,149.585,143.205,141.098,117.216,113.354,111.510,108.142,99.114,91.783,85.545,84.870,81.074,80.611,74.213,73.075,69.643,35.532,-2.031
183,2125.273,2103.365,2099.955,2084.978,2064.185,2063.126,2062.915,2061.861,2057.804,2054.970,2020.308,2005.865,2002.843,1982.690,1971.850,1967.405,1945.210,1929.309,1927.343,1924.232,1895.565,1894.302,1891.164,1888.572,1886.877,1883.903,1880.609,1879.756,1855.067,1840.768,1829.218,1826.822,1823.823,1808.032,1808.032,1781.159,1736.356,1727.105,1704.358,1670.917,1613.080,1608.097,1605.314,1536.944,1519.478,1470.223,1299.501,1245.015,1178.920,1120.351,1117.915,1051.338,1000.784,826.524,821.066,813.346,710.837,707.989,707.112,599.254,509.137,472.959,462.729,446.821,445.597,415.035,407.370,403.510,389.074,366.274,364.100,362.425,341.049,331.086,310.051,276.540,275.710,264.258,253.775,241.834,241.495,217.383,205.658,189.482,183.480,182.677,129.357,111.100,110.729,104.307,101.237,100.473,87.228,86.910,83.484,83.484,78.149,75.447,50.116,46.684
184,2119.442,2112.532,2103.610,2101.958,2101.520,2063.391,2062.763,2060.259,2023.659,2022.444,2019.725,2019.271,1997.729,1983.026,1979.746,1977.074,1971.352,1969.803,1969.460,1967.722,1946.344,1936.138,1931.117,1929.657,1910.529,1910.527,1904.936,1891.943,1886.441,1884.396,1851.552,1850.371,1835.642,1783.010,1774.969,1768.843,1768.703,1742.276,1726.293,1725.008,1695.423,1652.401,1622.755,1605.775,1521.347,1505.693,1485.478,1448.330,1392.039,1376.844,1280.495,1182.551,1094.102,1063.102,1041.460,1038.676,905.789,900.020,862.999,856.389,838.657,691.266,680.671,635.798,504.903,492.936,486.440,445.885,443.005,430.540,407.868,387.665,362.264,359.399,344.771,290.445,284.599,268.701,243.519,238.122,235.715,231.444,227.913,226.019,220.214,219.622,199.524,187.617,184.773,136.438,136.065,119.256,112.927,108.075,85.822,85.238,81.320,80.504,78.421,45.469
185,2190.148,2159.925,2129.466,2111.563,2106.661,2104.771,2104.031,2070.076,2063.377,2057.500,2025.350,2023.029,2021.079,2015.967,2013.700,1996.428,1973.215,1971.397,1953.587,1951.841,1949.477,1948.990,1931.217,1909.360,1909.360,1906.261,1894.084,1887.376,1884.806,1884.071,1857.847,1842.307,1821.389,1817.076,1805.003,1800.624,1770.296,1765.385,1764.900,1667.495,1644.758,1598.365,1595.518,1579.895,1571.714,1532.361,1440.856,1370.069,1363.130,1360.964,1359.173,1188.470,1101.007,1082.369,1054.942,996.899,928.078,893.480,827.499,743.400,627.789,624.524,621.697,588.134,584.476,514.209,512.443,505.586,455.150,451.584,412.728,407.868,397.817,387.626,367.792,366.193,364.278,362.453,358.968,336.581,312.690,308.673,299.131,292.362,292.362,259.227,250.729,233.553,233.102,228.340,203.538,190.935,180.954,180.021,175.958,159.886,122.583,112.288,110.318,80.329
186,2190.745,2173.945,2146.693,2105.047,2072.405,2068.226,2055.975,2047.158,2019.413,2019.221,2018.121,2013.651,2012.755,1997.037,1973.315,1962.327,1942.335,1937.784,1933.649,1933.554,1927.782,1927.689,1927.604,1909.253,1896.794,1887.910,1880.285,1863.759,1843.983,1842.084,1830.902,1783.530,1774.942,1757.464,1746.920,1729.098,1728.518,1728.077,1721.233,1721.233,1646.858,1607.520,1550.812,1435.169,1427.385,1409.586,1398.763,1360.154,1335.847,1321.203,1237.946,1237.946,1204.110,1188.863,1130.052,1093.111,1026.276,1020.003,810.681,809.475,741.403,730.543,703.507,683.620,650.251,632.674,596.419,541.674,491.358,486.081,471.130,432.963,414.699,401.916,385.116,361.292,356.265,354.686,353.703,343.659,317.046,282.484,274.175,241.027,240.134,240.031,238.385,229.381,222.234,214.632,208.558,191.672,186.600,144.344,122.085,96.705,84.630,70.480,68.819,42.474
187,2191.952,2154.355,2125.010,2104.328,2103.252,2063.197,2061.507,2057.704,2056.350,2027.583,2016.177,2015.401,2002.477,1983.646,1979.308,1978.878,1976.535,1973.875,1972.335,1969.251,1942.258,1939.209,1937.407,1932.371,1930.585,1898.317,1884.702,1881.981,1816.592,1797.641,1778.905,1772.496,1743.150,1727.100,1659.297,1640.030,1623.135,1561.593,1507.609,1467.103,1445.389,1396.867,1340.006,1315.893,1230.973,1219.920,1218.685,1130.639,1120.825,1120.383,1114.070,1021.954,980.369,962.861,955.991,928.845,925.455,914.423,717.759,715.948,682.728,667.000,638.623,625.475,546.869,462.437,452.656,444.142,431.175,405.709,398.977,398.793,361.701,361.417,353.244,341.508,336.604,304.069,287.530,287.509,270.564,248.448,245.024,234.232,233.165,196.481,188.194,148.496,108.730,105.329,97.384,88.900,87.917,83.816,83.557,82.789,81.473,81.210,76.844,-2.031
188,2144.047,2105.614,2085.281,2080.587,2062.307,2055.917,2027.129,2020.919,2018.862,2017.347,2011.689,2000.810,1981.425,1980.955,1980.097,1978.019,1975.439,1973.821,1972.703,1970.764,1969.073,1968.134,1959.146,1935.233,1930.293,1912.789,1911.975,1911.880,1908.760,1881.178,1861.400,1829.623,1764.966,1718.262,1684.217,1682.368,1682.368,1655.353,1653.458,1572.257,1513.558,1503.214,1271.939,1271.090,1248.866,1218.187,1214.270,1036.900,1031.899,1012.155,927.239,927.239,911.990,839.937,763.382,723.228,700.434,628.472,597.696,503.559,452.845,431.453,406.028,399.255,384.630,383.757,380.799,361.439,357.693,327.135,325.536,308.428,281.219,276.363,275.099,266.896,261.585,244.401,225.030,222.402,208.438,207.919,204.983,187.217,164.587,162.927,159.986,159.034,153.757,148.709,141.052,121.989,117.917,101.832,92.947,89.812,82.195,79.914,68.978,42.431
189,2144.705,2121.627,2104.998,2104.348,2069.098,2058.215,2056.417,2042.745,2040.043,2038.993,2021.869,2021.162,2017.726,2016.943,2015.829,2015.823,2001.505,1994.882,1974.355,1972.226,1970.454,1970.200,1954.451,1952.026,1951.422,1929.024,1928.521,1903.285,1898.490,1879.523,1841.394,1838.656,1819.006,1813.316,1812.438,1812.289,1811.945,1771.308,1763.923,1754.459,1738.751,1725.654,1682.528,1629.723,1570.507,1556.403,1555.830,1555.376,1549.356,1531.007,1485.725,1453.051,1424.295,1395.020,1387.718,1348.384,1344.063,1299.478,1252.012,1192.248,1172.928,1125.473,1062.377,840.822,751.405,585.147,549.753,494.950,494.217,492.349,439.331,437.882,409.397,402.145,382.786,362.613,360.997,360.390,350.799,336.069,334.746,322.381,299.706,269.880,264.112,230.590,223.616,219.383,149.323,129.884,108.373,104.334,92.415,82.045,81.759,71.034,60.562,42.162,40.990,-2.031
190,2198.139,2146.051,2143.769,2128.984,2064.068,2062.495,2059.471,2057.676,2037.334,2026.644,2025.823,2022.691,2019.434,2001.414,1997.280,1976.232,1974.185,1973.662,1973.006,1972.304,1971.700,1935.259,1933.054,1929.047,1920.217,1910.251,1893.679,1883.773,1865.195,1858.090,1828.310,1800.025,1774.497,1690.808,1666.420,1647.534,1544.431,1533.479,1467.712,1443.232,1272.258,1248.283,1218.857,1193.690,1082.882,1026.345,997.429,873.161,859.612,838.585,806.820,798.302,710.277,689.922,592.197,542.916,470.420,443.627,438.976,429.250,425.857,408.415,401.471,371.543,368.994,367.570,362.977,359.536,351.204,331.764,316.020,308.942,294.629,291.260,290.242,274.420,272.410,264.356,248.718,246.116,234.591,227.326,222.435,209.794,207.781,181.801,168.449,162.639,145.657,139.768,123.155,117.102,115.105,114.644,100.225,82.610,69.411,66.636,52.203,47.056
191,2119.499,2110.999,2106.793,2105.054,2104.416,2104.401,2103.478,2083.007,2065.937,2058.182,2057.088,2026.810,2018.229,2017.655,2010.624,1998.143,1987.067,1977.992,1972.415,1968.668,1960.009,1950.883,1939.628,1931.841,1931.527,1930.966,1929.932,1929.831,1915.894,1892.440,1885.742,1870.203,1853.458,1776.827,1776.350,1774.396,1771.332,1747.643,1707.618,1667.795,1652.181,1572.654,1500.720,1479.694,1468.114,1355.577,1353.883,1289.760,1219.993,1202.298,1144.384,1055.193,949.280,945.186,904.774,884.191,876.485,855.388,639.962,629.366,584.013,535.708,489.955,460.000,436.656,398.760,398.035,386.187,381.328,375.578,370.046,367.841,363.231,362.920,360.684,359.049,342.220,302.689,272.053,237.233,225.789,214.755,212.924,206.080,202.611,201.794,200.691,197.952,193.499,187.322,140.761,131.609,126.314,109.310,99.304,82.642,82.350,79.191,76.837,59.485
192,2105.261,2104.607,2103.704,2070.102,2065.827,2065.455,2064.875,2061.585,2057.806,2057.775,2057.262,2045.937,2035.638,2028.114,2019.155,2016.567,2013.997,2010.661,2001.001,1979.857,1978.310,1972.430,1965.872,1934.224,1929.856,1928.613,1927.499,1907.867,1887.521,1885.496,1883.190,1882.376,1857.646,1851.968,1833.949,1820.161,1818.376,1816.559,1801.347,1787.119,1770.345,1767.471,1757.422,1748.007,1740.458,1709.233,1689.057,1679.107,1647.922,1617.258,1617.258,1373.383,1309.374,1213.863,1154.728,1103.232,1082.103,1082.103,1074.676,1045.530,1041.991,948.962,891.012,804.689,718.300,665.510,595.212,574.747,551.028,524.069,495.496,474.368,465.957,455.869,455.235,448.012,447.929,402.742,401.329,383.254,377.335,370.979,357.219,317.197,316.124,312.385,301.920,254.104,237.537,224.413,223.761,207.737,201.649,174.597,169.541,147.889,131.832,87.716,75.783,72.087
193,2146.105,2145.168,2105.714,2105.484,2102.867,2072.838,2069.003,2066.099,2059.240,2057.281,2026.806,2013.930,2013.096,2012.093,1999.752,1998.005,1980.017,1979.443,1970.908,1966.099,1925.277,1903.879,1890.140,1881.034,1856.438,1842.651,1842.294,1822.864,1792.089,1711.453,1709.067,1692.296,1676.160,1665.753,1644.590,1569.370,1464.070,1445.480,1390.401,1317.879,1158.281,1128.722,1115.665,1114.713,1113.884,1084.727,1025.287,995.212,911.479,908.631,871.222,807.435,621.050,589.365,571.102,545.862,544.490,543.264,538.579,454.006,450.217,405.689,405.015,403.595,380.999,364.950,361.488,360.276,359.825,358.934,356.193,356.033,353.030,331.986,315.715,271.487,264.537,258.229,247.385,214.695,198.097,190.584,176.157,164.468,163.199,128.691,126.889,107.940,107.825,102.049,96.192,93.350,86.627,84.133,80.859,76.405,74.918,69.694,58.376,51.359
194,2148.287,2146.397,2124.396,2112.729,2104.979,2104.013,2084.915,2080.957,2069.109,2061.663,2057.798,2057.569,2026.411,2019.336,2013.009,2011.699,2000.188,1980.394,1976.292,1975.768,1975.297,1968.712,1936.981,1927.479,1925.977,1889.628,1888.811,1887.617,1885.885,1883.465,1861.995,1849.923,1846.088,1822.560,1819.851,1815.747,1799.220,1761.485,1745.433,1692.993,1687.397,1656.187,1576.650,1516.301,1420.451,1370.368,1230.426,1192.562,1054.625,1040.779,959.552,875.746,864.799,762.266,673.606,597.575,547.176,512.992,497.864,490.993,480.249,475.040,470.061,421.006,418.037,408.202,407.959,406.692,404.899,402.477,401.190,400.402,395.764,388.210,370.275,362.130,360.551,355.790,355.789,351.888,350.240,323.867,315.237,309.952,300.265,297.536,273.817,266.260,252.584,225.324,191.315,190.525,182.289,167.246,152.758,116.450,91.362,86.315,83.080,77.952
195,2148.172,2147.579,2124.576,2119.854,2104.714,2080.458,2069.171,2066.963,2057.755,2056.501,2035.306,2021.389,2020.987,2019.197,2018.507,2016.977,2013.926,2012.805,1991.000,1976.034,1972.928,1928.471,1889.966,1855.091,1839.707,1805.812,1760.944,1727.808,1726.541,1719.191,1710.924,1658.046,1645.745,1601.223,1579.804,1560.572,1558.897,1540.366,1451.131,1410.140,1358.036,1352.255,1302.667,1289.020,1281.332,1199.291,1199.291,1190.569,1173.988,1059.382,1038.425,1031.124,1008.819,900.796,859.337,834.310,775.266,654.073,599.790,572.594,558.412,488.955,488.955,452.870,440.859,433.473,412.743,409.243,406.776,404.281,392.361,387.013,381.652,367.345,362.705,361.474,358.856,350.830,348.414,348.346,302.404,279.096,266.014,253.169,248.294,241.616,239.253,231.878,219.697,209.865,194.420,166.920,152.056,150.574,146.733,122.242,97.490,96.100,89.503,78.494
196,2145.906,2105.307,2104.793,2103.821,2103.539,2100.612,2096.461,2096.461,2073.027,2064.167,2061.778,2057.883,2057.696,2027.739,2021.306,2016.204,2013.208,2000.397,1990.790,1983.631,1975.816,1971.901,1959.097,1940.276,1937.463,1932.402,1927.114,1884.479,1866.318,1844.171,1808.472,1797.652,1774.910,1760.424,1758.316,1728.895,1706.629,1653.219,1653.219,1557.806,1490.945,1481.214,1462.131,1458.337,1458.337,1422.248,1385.935,1364.648,1263.856,1258.111,1223.127,1205.981,1107.385,972.424,889.763,887.583,869.225,860.752,860.752,714.215,673.812,673.153,657.871,634.711,542.167,541.221,519.795,512.907,508.471,483.547,464.545,448.901,442.211,399.022,397.303,394.318,382.895,364.909,358.839,354.247,321.922,307.089,292.612,285.938,280.094,270.787,257.475,230.001,229.407,222.714,197.467,195.313,175.951,149.210,117.603,103.165,97.104,96.653,86.207,35.661
197,2147.110,2145.848,2126.609,2104.833,2101.493,2100.281,2096.054,2064.076,2064.076,2063.058,2040.702,2029.816,2023.409,2022.057,2019.700,2016.857,2016.605,2015.816,2014.020,2013.618,2012.426,2000.967,1974.287,1972.409,1949.277,1940.462,1935.984,1927.760,1879.173,1862.910,1843.607,1834.495,1782.519,1771.730,1760.936,1695.825,1612.278,1611.842,1609.813,1599.856,1586.149,1575.140,1570.211,1491.598,1403.685,1380.694,1323.950,1297.032,1270.001,1264.788,1243.075,1237.183,1213.711,1211.029,1206.406,1079.927,968.801,806.953,746.990,734.680,719.320,649.796,616.389,578.944,567.433,553.048,507.053,442.689,409.827,409.217,402.540,399.652,360.462,359.682,359.404,358.965,323.731,316.316,272.427,266.387,250.421,238.581,230.986,229.761,228.274,222.168,219.080,218.342,150.349,120.938,118.507,110.544,105.244,96.366,87.735,79.085,67.213,62.083,55.046,42.531
198,2234.159,2145.109,2129.805,2103.412,2103.412,2102.765,2100.838,2082.319,2075.951,2074.760,2066.980,2064.026,2059.810,2057.542,2038.881,2033.731,2019.208,2016.861,2016.785,2013.292,2013.139,1982.702,1975.121,1904.543,1892.932,1859.921,1842.122,1813.309,1802.611,1801.141,1772.057,1764.973,1730.027,1728.438,1702.660,1690.017,1685.261,1659.931,1646.636,1609.908,1513.040,1470.633,1442.265,1369.601,1368.106,1352.735,1326.081,1248.194,1167.343,1110.278,1092.158,982.376,976.768,975.643,974.319,943.161,831.770,816.306,766.979,751.214,717.098,699.373,645.908,526.609,505.641,453.447,441.347,415.352,407.620,400.471,397.116,376.451,362.499,360.084,359.471,357.841,357.208,348.595,322.758,314.536,281.262,259.478,249.966,237.651,232.012,224.160,219.845,199.200,165.263,156.231,156.120,147.470,124.435,121.555,114.172,89.635,85.096,84.876,81.333,73.205
199,2189.704,2124.006,2121.899,2111.975,2104.678,2100.464,2095.383,2084.704,2078.657,2059.893,2057.726,2047.964,2040.572,2039.744,2029.772,2021.152,2016.641,2014.144,2012.182,2012.182,1995.694,1981.541,1973.607,1972.586,1904.365,1881.527,1867.955,1820.028,1760.963,1742.186,1720.622,1662.533,1586.775,1574.416,1546.333,1543.914,1496.244,1435.961,1341.389,1315.139,1291.880,1240.612,1207.807,1199.182,1185.220,1174.716,1136.692,1111.871,982.346,982.292,953.530,898.192,892.949,776.410,761.903,707.949,675.497,667.464,604.318,531.313,530.657,526.381,512.916,496.951,486.460,459.379,453.869,418.741,403.739,397.988,389.520,385.413,369.914,364.589,359.845,359.355,350.698,346.186,344.451,340.951,340.947,327.726,312.886,307.571,284.713,255.642,225.485,215.405,203.448,193.670,190.906,177.376,173.142,113.625,98.893,95.471,86.387,86.299,81.996,77.774
200,2085.573,2083.697,2067.074,2062.925,2010.184,2000.842,2000.766,1982.692,1974.996,1962.184,1958.897,1956.007,1951.379,1936.630,1936.630,1935.251,1934.710,1932.897,1931.966,1927.676,1926.489,1923.673,1914.158,1906.522,1904.736,1901.494,1892.858,1882.016,1881.369,1877.189,1868.179,1868.135,1865.465,1843.403,1838.135,1824.880,1799.577,1765.608,1761.125,1750.192,1719.208,1711.180,1706.274,1696.423,1686.405,1680.357,1636.946,1585.930,1470.097,1442.427,1441.914,1373.705,1366.434,1316.000,1245.459,1240.935,1177.177,1173.338,1166.515,1113.517,948.604,945.643,927.315,922.516,778.943,750.421,749.147,675.529,638.916,578.103,567.600,537.957,510.079,498.850,483.187,443.582,416.955,405.693,404.779,403.429,403.177,401.150,400.174,398.244,391.836,391.027,322.901,305.203,259.505,235.302,232.512,214.896,206.452,175.645,172.948,146.313,133.660,117.735,50.443,-2.017
201,2144.000,2125.799,2081.015,2067.316,2060.914,2053.019,2043.208,2018.997,2001.980,1999.481,1998.131,1981.733,1964.962,1961.294,1960.966,1960.966,1955.108,1951.448,1923.496,1923.180,1919.199,1912.431,1885.775,1882.530,1879.618,1878.159,1839.500,1811.246,1777.010,1759.012,1756.570,1746.781,1738.098,1641.076,1618.509,1580.438,1557.578,1451.087,1442.568,1382.809,1341.718,1332.131,1305.889,1260.987,1216.859,1213.937,1162.323,1131.452,1080.906,1051.196,955.840,901.667,889.312,823.313,764.172,753.986,718.201,715.042,684.786,682.914,669.456,652.201,603.387,556.337,533.534,448.288,436.430,433.969,427.857,413.973,411.077,407.541,405.496,400.345,387.297,374.067,363.566,361.724,340.009,330.926,321.611,319.111,306.839,295.493,292.737,281.352,266.800,266.528,250.601,234.522,187.868,161.290,87.291,83.439,82.940,82.045,79.857,76.165,58.866,-2.017
202,2101.191,2079.032,2043.058,2042.513,2036.900,2000.281,1997.503,1996.484,1978.621,1978.621,1973.840,1969.267,1966.302,1957.591,1957.342,1917.216,1915.963,1915.124,1912.696,1900.365,1888.462,1881.522,1880.843,1871.982,1870.162,1847.864,1845.505,1836.095,1822.487,1766.108,1690.200,1686.255,1668.076,1637.473,1620.782,1608.322,1572.331,1571.416,1555.750,1535.201,1456.592,1383.058,1342.212,1325.332,1265.292,1248.386,1243.361,1177.244,1083.165,1060.036,1023.930,947.438,937.265,834.508,790.615,789.284,748.790,676.682,630.813,609.249,534.898,513.003,491.796,491.634,455.868,454.730,418.823,407.032,405.292,399.943,387.309,385.586,366.776,366.589,364.791,361.153,359.009,349.867,336.700,315.274,304.614,268.232,260.996,243.510,241.560,224.652,213.262,207.695,183.904,178.162,171.174,160.452,118.231,91.678,89.197,86.056,83.170,76.290,63.909,57.431
203,2166.559,2083.925,2047.252,2043.774,2042.100,2039.426,2021.767,2018.162,2018.162,2003.222,2002.938,2001.326,1999.266,1996.166,1987.995,1976.559,1958.819,1954.628,1952.633,1940.106,1918.385,1915.175,1877.290,1874.615,1871.794,1856.530,1853.353,1836.533,1835.995,1813.635,1799.540,1755.641,1718.582,1716.806,1612.489,1539.539,1455.680,1452.010,1436.999,1418.040,1406.154,1405.712,1343.504,1230.164,1164.853,1125.571,1114.365,1030.931,950.194,941.746,914.112,842.870,826.158,732.084,720.619,665.722,614.818,582.788,569.079,489.065,488.834,480.537,472.466,469.479,463.262,456.644,450.051,437.264,411.139,409.143,405.823,401.953,389.450,366.198,363.073,356.787,355.869,347.787,346.337,333.112,312.311,303.895,283.028,247.734,236.825,233.034,226.001,210.806,200.688,188.811,144.611,133.355,126.171,124.514,113.359,86.490,78.844,75.368,59.110,-2.017
204,2129.804,2126.211,2079.902,2068.047,2046.197,2038.908,2025.057,2024.689,2023.776,2020.952,2000.460,1998.783,1995.198,1981.601,1978.992,1978.992,1975.883,1969.346,1962.455,1961.718,1960.711,1960.341,1916.036,1916.036,1911.900,1901.669,1876.997,1876.997,1811.616,1788.280,1758.786,1721.718,1717.139,1706.070,1694.124,1689.423,1687.634,1602.812,1598.318,1583.664,1561.583,1554.269,1529.169,1523.496,1441.645,1433.466,1416.153,1388.402,1376.069,1364.533,1236.631,1230.514,1077.725,1076.921,1064.037,960.818,947.983,947.983,897.745,803.852,788.237,662.520,603.670,578.313,528.000,500.879,450.723,447.980,401.147,401.134,400.065,399.830,393.322,386.777,385.911,379.239,367.904,361.319,361.319,358.892,358.874,343.192,292.821,292.159,290.670,282.018,263.701,236.387,235.859,166.034,163.980,108.908,91.953,89.799,82.767,82.676,81.085,76.562,76.139,-2.017
205,2129.215,2063.439,2044.976,2043.654,2038.857,2002.101,2002.061,1999.447,1999.025,1984.122,1968.134,1967.736,1961.809,1959.532,1956.931,1955.281,1955.281,1953.131,1940.112,1939.100,1927.459,1915.676,1915.295,1910.973,1908.339,1908.339,1882.767,1874.695,1874.671,1848.256,1836.985,1834.487,1831.059,1802.229,1802.229,1729.516,1729.516,1701.878,1658.613,1655.580,1597.818,1594.646,1566.701,1516.928,1484.117,1453.434,1403.235,1350.771,1166.547,1159.036,1153.184,1115.392,1090.370,925.081,916.614,916.614,874.635,825.498,670.770,630.438,628.402,590.629,570.358,547.403,496.125,493.194,481.103,452.932,423.445,403.874,370.771,368.932,367.779,362.366,358.399,351.128,340.478,326.808,293.238,276.935,259.844,225.468,221.886,212.072,203.367,198.828,189.416,181.415,175.848,165.664,157.441,124.900,121.011,116.086,106.257,93.805,81.778,81.741,76.982,38.627
206,2124.333,2062.671,2061.601,2042.644,2042.299,2021.848,2003.733,2003.180,2000.018,1996.917,1996.588,1978.348,1961.083,1960.529,1957.097,1952.073,1941.209,1939.789,1938.943,1938.943,1927.436,1880.125,1879.233,1872.262,1864.665,1850.214,1836.280,1835.032,1830.611,1795.566,1773.834,1769.232,1754.103,1681.341,1673.051,1660.252,1590.556,1578.747,1525.486,1524.035,1478.214,1457.503,1447.911,1422.922,1404.206,1370.781,1365.055,1338.750,1310.730,1283.190,956.491,953.885,883.564,855.752,808.046,795.321,700.069,664.306,657.403,641.497,589.683,584.268,552.033,537.270,485.415,481.265,469.592,466.780,438.778,418.269,405.761,398.997,397.978,367.612,361.939,319.492,316.168,284.803,254.142,244.467,206.448,199.247,198.221,172.578,170.651,160.997,139.976,132.191,119.079,106.185,105.199,85.635,77.373,77.240,76.126,75.710,60.374,52.120,47.176,23.223
207,2165.352,2063.713,2063.713,2048.311,2047.340,2045.630,2042.011,2038.035,2020.279,2010.108,2000.045,1998.599,1997.959,1986.126,1977.361,1969.343,1960.744,1959.224,1958.471,1953.901,1951.850,1940.236,1936.489,1924.018,1919.609,1894.386,1879.007,1854.973,1841.352,1805.701,1803.235,1775.465,1774.386,1763.835,1757.586,1741.960,1608.149,1604.188,1576.209,1568.102,1566.131,1565.483,1543.162,1524.033,1516.292,1489.285,1482.664,1438.332,1418.303,1376.975,1315.033,1314.547,1311.429,1307.597,1276.321,1141.567,1075.135,1072.670,1044.183,982.057,971.043,920.598,864.968,758.113,748.446,713.234,630.520,519.471,509.744,414.598,414.565,408.087,407.545,401.232,358.260,347.431,337.821,327.312,312.982,265.442,249.461,249.407,219.504,214.445,212.050,198.435,182.451,151.466,151.103,150.826,140.710,107.952,106.842,88.034,87.571,84.872,79.849,79.095,69.048,48.097
208,2120.813,2084.432,2083.407,2077.367,2043.823,2043.419,2039.229,2021.795,2018.626,2005.422,2004.143,1967.183,1960.968,1957.670,1957.554,1941.475,1941.377,1941.377,1933.534,1933.534,1920.773,1912.667,1903.968,1895.263,1882.445,1872.477,1858.142,1840.805,1830.605,1830.605,1813.627,1803.630,1780.737,1763.445,1734.066,1721.632,1673.601,1665.480,1640.187,1577.425,1565.707,1561.958,1498.562,1481.268,1457.135,1401.109,1367.013,1346.493,1321.084,1314.593,1247.730,1214.342,1176.712,1165.386,1068.818,1061.711,1013.073,995.219,921.968,902.985,789.268,626.347,600.272,523.697,476.402,454.077,450.901,449.226,448.932,447.832,444.888,438.314,416.203,407.451,403.037,402.958,382.400,377.161,373.382,365.210,320.808,282.846,280.296,268.032,257.672,254.218,225.103,212.696,182.579,161.544,157.809,146.611,142.764,125.994,115.832,106.534,91.485,86.363,79.902,79.861
209,2161.283,2102.515,2083.452,2082.610,2045.491,2043.979,2040.182,2036.277,2006.679,2004.592,2000.842,1999.859,1983.800,1983.800,1982.925,1975.810,1975.810,1967.164,1962.880,1961.200,1929.537,1895.045,1878.083,1865.611,1858.507,1823.385,1811.921,1802.925,1802.174,1800.733,1799.721,1791.759,1790.142,1755.422,1722.314,1685.377,1669.093,1645.058,1637.366,1610.928,1600.759,1541.277,1540.531,1444.743,1407.160,1342.867,1149.145,1022.502,920.890,902.555,893.662,840.378,740.422,682.623,679.068,672.470,647.664,622.348,543.857,533.670,443.190,437.898,433.779,429.191,406.328,403.009,401.111,401.020,381.525,370.292,362.525,361.043,358.381,257.007,242.535,232.638,227.787,223.194,197.353,188.595,174.673,171.044,165.248,163.887,150.091,149.781,135.527,133.923,131.930,128.924,118.398,111.247,96.155,91.632,87.466,74.752,70.826,65.910,61.209,40.397
210,2107.365,2085.745,2046.895,2044.053,2041.580,2039.929,2039.738,2021.898,2004.144,2000.912,1999.511,1998.062,1981.049,1980.113,1980.113,1978.871,1974.980,1968.298,1963.240,1933.301,1933.301,1916.180,1903.214,1841.839,1824.835,1803.495,1704.785,1676.720,1660.861,1621.291,1520.663,1472.806,1427.831,1417.638,1264.159,1244.972,1242.943,1227.168,1168.333,1127.335,1017.939,997.205,957.381,939.248,879.417,820.282,767.884,735.576,616.122,545.202,536.839,499.004,489.215,474.868,452.153,441.566,420.467,408.613,404.625,399.189,399.173,395.262,386.772,386.336,382.570,372.411,364.748,355.712,337.541,320.709,302.262,292.079,291.568,282.745,262.418,260.130,257.063,241.614,236.832,231.054,229.388,225.009,209.196,201.771,163.314,149.096,148.104,141.967,140.349,136.645,117.353,94.508,89.724,84.290,81.858,80.564,72.824,62.826,62.717,46.708
211,2146.881,2126.870,2060.401,2059.974,2040.624,2040.238,2025.955,2021.834,2021.834,2018.646,2003.473,2001.760,2001.558,2000.122,1993.376,1992.174,1987.297,1963.061,1962.325,1961.629,1956.144,1954.407,1941.496,1924.096,1919.028,1898.024,1895.761,1881.662,1880.729,1874.229,1857.660,1767.466,1747.389,1714.475,1703.230,1666.667,1645.536,1565.939,1528.027,1527.937,1479.841,1460.754,1460.754,1427.641,1393.689,1385.766,1374.142,1325.971,1320.710,1310.454,1256.204,1094.929,1040.257,1037.473,992.837,884.054,801.153,769.130,717.032,544.843,533.849,507.022,471.369,444.771,408.794,399.380,390.536,384.991,382.554,375.410,365.051,364.941,358.921,351.239,349.664,343.712,282.611,265.269,242.911,242.514,237.741,236.287,231.745,231.745,228.981,228.402,211.533,208.097,205.928,201.331,176.502,170.925,149.061,147.046,135.195,122.940,116.450,115.218,84.436,46.740
212,2168.705,2064.506,2061.426,2061.146,2058.796,2017.568,2003.444,2003.054,2001.572,1997.698,1992.938,1990.560,1984.466,1983.070,1979.115,1979.046,1979.046,1978.601,1963.935,1959.088,1958.810,1954.586,1924.538,1923.193,1918.094,1901.886,1876.301,1863.960,1799.713,1761.316,1747.061,1688.184,1679.701,1601.116,1573.811,1556.057,1439.084,1438.963,1415.449,1401.468,1325.446,1325.297,1319.574,1307.106,1292.621,1260.111,1243.528,1242.935,1220.103,1208.475,1101.597,1095.887,1074.791,929.956,929.326,808.067,804.571,758.714,722.729,719.979,690.292,680.968,648.758,645.317,635.137,620.385,619.721,581.585,539.417,525.175,479.398,443.979,443.804,426.300,421.336,411.611,404.075,403.206,401.973,395.179,378.199,366.230,363.665,360.193,358.269,354.259,286.891,277.936,259.462,250.070,246.103,242.551,229.887,184.552,141.047,116.482,103.123,84.117,77.934,38.230
213,2167.132,2122.615,2054.410,2044.291,2036.661,2036.661,2036.469,2021.188,2018.953,2018.119,2004.677,2002.877,2001.328,1993.987,1993.131,1976.849,1964.403,1963.512,1956.333,1954.486,1949.352,1923.214,1912.436,1890.661,1876.252,1843.965,1831.742,1817.113,1798.294,1796.829,1756.693,1715.211,1680.774,1615.352,1527.683,1526.571,1519.005,1460.202,1447.039,1340.727,1167.549,1121.812,1102.816,1066.213,913.723,883.318,839.056,827.729,710.140,662.598,654.250,586.052,530.956,528.805,493.865,474.822,463.736,453.218,420.990,420.061,420.048,418.900,408.249,406.923,402.904,402.375,399.400,398.723,393.308,379.064,359.335,353.549,343.196,317.590,313.389,312.008,302.819,299.585,279.787,237.473,223.723,215.103,209.527,199.056,195.875,195.651,182.492,173.860,159.311,155.185,146.824,144.611,133.770,108.716,96.055,86.797,80.489,78.525,66.016,44.144
214,2168.019,2103.323,2081.133,2068.557,2056.079,2045.647,2042.155,2042.081,2040.931,2040.604,2038.940,2038.940,2038.341,2001.578,2000.199,1999.638,1997.419,1996.371,1993.721,1979.270,1961.589,1951.196,1928.366,1922.824,1921.337,1880.402,1877.839,1875.129,1870.317,1859.597,1839.032,1824.400,1756.887,1752.573,1749.085,1733.897,1723.778,1718.557,1707.623,1686.817,1685.222,1643.951,1643.010,1602.939,1569.705,1551.466,1485.287,1463.090,1392.990,1351.234,1343.729,1343.729,1258.405,1237.476,1197.700,1124.540,1081.884,926.501,889.102,844.665,824.665,824.665,794.592,717.473,643.195,580.789,580.360,570.560,498.132,441.491,431.866,417.401,399.723,398.721,384.734,371.209,370.290,355.244,291.817,281.755,277.538,253.273,242.785,206.343,194.661,181.777,171.664,162.962,154.752,153.496,149.785,144.708,113.981,96.779,88.841,84.568,83.274,78.353,74.171,44.786
215,2110.031,2086.238,2061.559,2060.261,2045.633,2042.112,2022.254,2018.989,2018.835,2018.518,2016.011,2004.686,2001.946,2001.074,1996.214,1992.601,1971.864,1971.656,1959.310,1955.922,1942.273,1938.225,1938.225,1838.719,1837.945,1831.301,1814.277,1786.727,1772.458,1762.575,1753.797,1722.953,1714.825,1707.743,1682.332,1682.332,1631.305,1612.074,1542.444,1522.122,1477.726,1462.015,1447.642,1375.047,1366.375,1339.094,1283.792,1253.172,1211.314,1197.704,1144.675,1141.800,1115.214,1095.454,747.635,682.496,654.799,654.799,532.697,508.325,502.910,498.869,469.256,438.264,411.704,407.763,405.172,400.966,399.888,393.213,370.797,364.996,335.514,331.515,264.078,262.576,259.475,244.317,228.322,223.511,213.601,212.374,211.339,198.972,192.121,148.524,147.999,130.088,118.268,96.988,89.728,84.289,82.932,82.183,80.051,77.836,77.813,76.931,74.728,48.174
216,2125.681,2118.581,2082.669,2062.139,2036.864,2021.094,2021.045,2017.433,2001.772,2000.782,1999.573,1996.001,1993.618,1980.407,1978.404,1975.553,1964.119,1959.831,1958.639,1932.044,1924.357,1924.198,1880.438,1880.171,1865.130,1847.127,1820.827,1597.804,1593.553,1565.349,1564.198,1529.960,1489.260,1413.935,1246.610,1162.554,1128.196,1075.204,1018.584,1006.273,998.914,977.330,829.142,786.460,757.074,736.283,698.117,683.390,672.294,624.837,624.797,574.562,564.028,541.742,522.367,460.245,449.881,448.953,433.451,414.645,414.501,413.206,402.866,400.681,397.432,362.480,361.506,356.743,356.410,332.895,316.215,313.136,301.218,285.226,281.868,281.410,256.998,226.359,224.712,208.418,197.387,196.487,190.959,175.346,164.897,163.554,150.405,119.812,117.936,112.623,107.571,88.780,79.217,77.834,75.828,70.857,68.851,44.381,24.460,-2.017
217,2166.172,2103.706,2085.696,2061.242,2061.151,2059.000,2042.233,2037.514,2037.109,2004.260,2000.150,1993.005,1982.487,1979.226,1968.182,1952.275,1952.037,1945.499,1941.509,1934.983,1931.430,1928.205,1919.502,1880.867,1872.011,1869.127,1844.475,1799.082,1792.017,1760.295,1748.452,1722.494,1720.936,1717.445,1704.275,1702.854,1636.596,1565.586,1551.186,1519.110,1487.445,1446.543,1436.975,1356.586,1350.893,1198.011,1193.086,1174.326,1167.267,1150.222,1124.580,1094.253,1060.475,1022.139,1002.951,998.991,985.842,962.059,902.759,788.666,697.593,628.224,613.257,543.611,541.747,535.467,486.701,458.341,454.692,449.933,444.133,425.879,408.371,383.779,365.423,363.885,359.051,355.276,313.569,292.409,286.130,285.237,270.765,241.802,232.658,231.003,226.305,224.905,223.028,209.789,201.689,185.523,184.897,183.383,126.461,105.348,89.817,79.407,77.680,75.844
218,2163.530,2123.670,2102.859,2087.346,2081.036,2072.311,2060.294,2059.131,2039.546,2039.393,2038.176,2021.967,2010.843,2003.105,2001.921,2001.553,1995.991,1993.761,1983.068,1979.103,1963.730,1958.418,1957.554,1957.203,1949.644,1921.609,1863.892,1758.242,1757.086,1756.944,1738.643,1737.177,1719.055,1713.073,1674.220,1649.156,1634.040,1609.460,1605.534,1605.534,1551.721,1526.507,1441.698,1366.630,1351.322,1335.555,1329.285,1329.285,1321.534,1310.200,1296.579,1251.562,1242.792,1212.488,1159.093,1155.507,1047.922,951.380,922.626,915.268,802.750,714.097,665.349,632.227,630.479,602.534,585.415,533.060,458.364,455.541,450.914,444.800,424.412,405.212,405.159,395.136,393.980,386.683,371.754,368.936,368.448,366.571,361.990,309.644,278.092,250.617,197.101,181.108,169.875,163.634,156.509,154.486,134.498,127.119,110.581,104.681,90.400,40.404,3.326,-2.017
219,2163.055,2143.431,2103.079,2083.857,2080.952,2052.063,2047.118,2043.902,2040.819,2040.694,2039.767,2039.616,2033.275,2021.517,2021.466,2008.796,2002.237,1994.535,1958.327,1954.660,1954.070,1935.138,1921.098,1918.917,1889.790,1836.414,1775.686,1763.158,1757.373,1742.280,1724.459,1714.974,1689.476,1688.426,1629.255,1620.001,1619.536,1600.698,1594.059,1525.653,1463.406,1428.641,1373.067,1308.367,1232.929,1209.215,1193.850,1178.979,1148.467,1148.411,1102.549,1092.895,1088.456,1048.168,1027.220,1010.268,1007.606,949.945,919.792,829.814,785.658,777.100,743.044,734.559,717.781,698.190,675.522,630.944,626.860,582.236,540.711,491.128,479.191,478.970,472.414,446.920,440.963,424.522,415.287,403.917,401.222,363.872,338.232,337.601,317.549,313.436,275.021,263.424,257.659,246.074,242.782,238.372,236.684,199.033,198.976,163.541,141.987,98.798,76.944,59.662
220,2151.571,2104.531,2091.743,2080.590,2078.065,2064.889,2061.068,2033.908,2012.474,1996.010,1995.058,1995.016,1987.157,1978.087,1976.161,1958.249,1955.792,1951.445,1950.451,1948.473,1937.091,1933.747,1914.917,1869.771,1867.068,1847.190,1818.394,1814.185,1794.632,1776.817,1745.562,1741.303,1598.887,1589.954,1547.254,1545.582,1536.885,1510.318,1503.147,1469.383,1446.418,1445.192,1400.105,1371.969,1356.144,1350.969,1348.283,1296.550,1255.817,1184.361,1096.436,1071.140,977.421,843.790,762.701,732.285,731.739,697.896,663.542,643.926,600.374,583.531,444.930,430.917,424.612,422.895,422.332,419.429,409.515,402.115,389.511,385.039,384.412,381.100,377.171,376.286,345.337,329.253,324.540,298.981,281.379,273.767,265.637,228.325,225.660,218.972,205.357,153.878,142.052,133.818,121.377,103.220,81.679,80.244,78.931,78.738,78.020,62.461,60.691,54.023
221,2164.563,2129.045,2127.001,2123.685,2101.327,2100.908,2086.797,2081.832,2079.720,2072.376,2070.207,2044.470,2044.441,2038.254,2036.698,2036.157,2035.744,2004.557,2000.792,2000.018,1996.787,1995.126,1994.441,1992.585,1988.613,1972.101,1954.075,1951.004,1942.425,1923.776,1912.641,1912.553,1888.864,1881.474,1875.828,1870.475,1856.371,1849.243,1827.940,1827.056,1741.831,1638.198,1632.896,1624.888,1608.220,1604.460,1589.984,1473.475,1460.430,1454.062,1414.421,1380.958,1347.922,1191.594,1180.101,1158.791,1141.841,1130.207,1119.347,1087.069,974.602,929.419,920.575,919.327,908.329,852.430,848.859,783.810,693.913,691.970,648.493,610.693,534.244,479.844,408.347,401.016,396.540,380.079,366.652,364.294,330.832,306.595,294.329,284.928,274.442,251.538,240.722,226.158,215.547,184.340,173.959,164.799,164.549,141.933,135.988,115.200,95.438,93.314,75.389,44.104
222,2209.871,2169.405,2133.743,2127.036,2125.796,2121.167,2120.347,2086.108,2085.355,2082.341,2079.921,2078.651,2077.379,2074.013,2069.566,2064.434,2049.088,2039.960,2017.412,1996.778,1992.894,1992.483,1984.498,1974.493,1909.959,1909.479,1902.378,1898.529,1884.563,1874.574,1858.183,1841.027,1834.526,1807.925,1798.617,1790.972,1762.826,1689.071,1633.830,1629.941,1568.318,1536.068,1514.778,1512.536,1462.910,1453.948,1445.101,1412.135,1355.566,1343.163,1328.421,1302.957,1218.943,1199.391,1168.118,1154.571,1042.097,971.119,969.961,888.342,859.529,694.353,638.241,623.686,573.299,568.364,555.869,505.317,475.292,462.994,444.053,436.741,417.632,413.240,411.914,388.972,383.043,382.551,378.224,377.027,364.963,315.114,313.034,285.841,282.027,280.911,267.487,246.640,240.255,217.858,207.938,157.153,152.692,141.929,121.682,107.863,90.096,78.996,49.895,36.696
223,2232.223,2155.998,2127.061,2124.526,2109.637,2109.014,2098.782,2090.133,2085.915,2080.603,2073.740,2066.254,2057.696,2037.540,2036.019,2026.717,2008.075,2002.221,1994.321,1989.579,1987.006,1973.601,1936.784,1895.967,1827.698,1809.758,1783.790,1753.725,1751.957,1723.769,1715.431,1708.311,1673.820,1672.705,1642.342,1602.809,1592.312,1511.655,1448.745,1426.975,1394.010,1385.756,1382.512,1364.919,1318.902,1287.786,1273.345,1252.516,1158.132,1156.938,1122.348,1092.604,1021.913,811.891,711.970,654.917,647.259,631.394,620.254,612.972,558.615,504.378,456.245,424.273,421.224,410.292,407.709,400.263,400.247,386.291,378.608,367.000,342.999,342.426,341.022,330.766,324.387,280.453,267.561,259.819,244.784,228.506,225.974,223.683,222.861,218.302,207.261,205.456,203.565,203.323,178.568,173.773,170.867,145.608,132.207,96.231,94.419,89.648,89.068,47.445
224,2159.526,2148.081,2145.338,2144.293,2127.032,2123.532,2106.868,2093.670,2087.409,2087.167,2084.405,2075.574,2073.745,2044.227,2041.934,2039.752,2039.444,2026.824,2002.845,2001.335,1994.223,1981.142,1962.968,1950.496,1948.153,1947.275,1906.240,1899.753,1812.214,1782.145,1771.875,1763.427,1749.217,1583.319,1573.904,1541.976,1508.790,1419.747,1412.213,1395.953,1360.337,1342.219,1290.191,1276.969,1224.570,1185.758,1145.563,1128.552,1086.949,1072.290,1070.962,1002.443,971.138,876.008,804.409,788.414,670.540,608.702,607.785,568.999,562.340,548.021,485.847,480.441,462.581,460.827,437.576,435.647,433.487,432.155,427.001,422.318,414.681,376.090,368.149,362.616,349.880,319.889,259.433,252.207,249.072,226.700,209.382,207.986,202.590,201.015,194.848,188.645,163.880,158.998,139.290,137.026,105.781,96.860,87.466,86.163,80.756,79.469,72.818,45.505
225,2178.633,2171.303,2170.583,2168.291,2167.780,2131.630,2103.567,2089.527,2087.615,2085.939,2085.474,2078.140,2073.983,2060.555,2050.089,2037.406,2013.147,2009.964,2005.273,1996.940,1995.744,1992.634,1986.912,1978.314,1956.559,1950.823,1935.979,1913.220,1896.996,1891.027,1849.742,1841.745,1822.281,1816.832,1806.872,1734.057,1731.759,1724.530,1715.423,1713.164,1543.961,1505.165,1470.036,1439.413,1435.572,1425.069,1421.888,1420.784,1339.001,1279.987,1262.123,1220.581,1204.803,1202.985,1167.779,1065.285,1040.562,1036.221,980.983,962.121,779.039,658.880,642.005,586.275,521.179,454.888,442.478,417.851,417.172,411.324,403.523,391.352,385.879,359.510,356.875,339.956,339.877,296.923,283.522,274.659,271.240,268.194,249.347,239.519,228.959,217.217,206.373,191.813,189.887,161.298,134.956,122.919,113.635,111.616,105.955,84.397,83.600,79.278,69.825,37.516
226,2193.932,2172.660,2146.937,2146.390,2135.556,2130.626,2126.059,2123.901,2110.545,2103.770,2100.843,2092.348,2086.498,2083.141,2061.553,2054.321,2052.126,2041.130,2038.267,2029.928,2001.070,2000.059,1996.539,1985.157,1962.800,1962.681,1956.279,1931.812,1899.497,1854.313,1845.699,1793.200,1789.712,1761.875,1737.561,1726.305,1723.643,1682.908,1676.494,1667.289,1662.684,1661.740,1650.167,1592.964,1575.751,1533.668,1503.730,1498.518,1498.518,1415.570,1174.843,1174.843,1032.660,992.708,976.933,873.923,827.721,818.791,770.264,745.951,737.305,706.670,706.546,705.428,690.473,690.473,635.913,611.323,607.904,580.000,566.511,546.331,526.848,487.103,476.646,475.562,453.210,452.449,434.276,410.835,385.669,384.999,383.539,319.242,313.459,303.088,294.050,288.723,279.659,259.910,237.492,226.647,226.647,205.104,178.284,175.685,108.874,83.849,78.967,78.614
227,2215.373,2203.408,2190.198,2168.480,2147.258,2146.557,2128.730,2126.715,2104.779,2087.168,2085.595,2082.462,2080.590,2079.779,2078.732,2057.091,2056.870,2050.065,2044.855,2040.959,2040.804,2015.113,2010.801,1996.500,1969.736,1958.366,1954.977,1953.376,1953.014,1952.071,1913.143,1908.349,1842.547,1838.278,1817.613,1710.167,1665.005,1654.990,1625.687,1614.778,1581.872,1414.258,1377.137,1372.531,1360.804,1346.747,1342.512,1309.420,1262.208,1149.465,1094.344,1086.518,1072.815,1055.293,1027.667,877.165,833.674,815.747,790.302,788.745,782.552,745.082,686.448,628.156,587.544,483.914,470.818,455.016,453.387,435.733,428.420,425.603,416.593,405.383,402.876,388.002,380.819,380.185,352.456,344.988,321.971,306.814,243.895,237.701,231.572,195.609,171.449,159.068,139.601,135.761,121.366,103.917,94.161,92.909,85.149,79.171,77.838,76.470,71.127,57.124
228,2176.117,2175.493,2168.180,2129.126,2126.511,2119.201,2107.617,2104.964,2104.513,2103.196,2101.777,2086.880,2086.758,2086.707,2076.812,2053.815,2043.482,2041.422,2037.523,2014.852,1993.761,1990.734,1981.730,1969.569,1914.300,1912.786,1838.680,1832.940,1794.789,1739.877,1738.367,1623.423,1590.691,1538.355,1485.516,1483.609,1348.059,1275.548,1239.978,1118.833,1048.293,1020.540,913.259,867.777,833.716,827.383,820.727,814.473,809.460,782.298,699.083,697.507,619.367,606.293,562.380,544.506,541.760,495.599,471.532,471.067,466.558,443.861,438.342,422.527,418.100,404.944,404.319,396.937,394.144,389.620,386.787,362.310,346.507,294.069,285.115,270.928,255.406,253.402,246.872,229.177,228.579,223.899,215.480,212.972,170.683,167.681,160.180,152.287,151.931,147.670,143.436,142.615,141.231,122.354,108.986,98.408,82.660,80.432,80.233,44.141
229,2176.188,2136.451,2130.282,2130.219,2127.677,2124.618,2118.334,2108.334,2100.235,2088.199,2084.575,2080.429,2079.885,2078.505,2073.918,2063.439,2052.913,2043.815,2041.547,2040.293,2040.220,2039.365,2038.719,2038.448,2033.891,2019.793,2000.589,1998.307,1982.183,1970.476,1962.477,1955.616,1955.098,1907.469,1902.632,1797.195,1795.964,1774.838,1756.568,1736.072,1705.090,1620.118,1610.523,1586.924,1518.152,1493.479,1445.968,1407.913,1299.301,1288.878,1284.786,1216.610,1180.396,1053.116,1029.833,904.904,872.183,807.945,704.064,522.478,498.460,472.345,470.500,461.319,459.463,442.737,439.109,438.517,418.005,409.637,363.297,361.417,336.287,335.765,314.636,278.209,254.012,229.017,224.231,223.841,216.297,209.958,173.514,168.256,136.325,129.911,129.150,123.134,111.259,94.446,92.948,82.973,78.831,76.792,67.061,65.236,59.544,38.565,37.668,18.131
230,2220.309,2212.993,2178.560,2167.688,2167.400,2148.561,2129.837,2123.572,2121.668,2110.300,2108.525,2104.922,2086.089,2084.346,2081.840,2081.410,2046.607,2045.310,2040.479,2039.935,2039.130,2035.019,2023.677,1995.356,1979.647,1966.004,1951.995,1951.790,1949.542,1892.239,1870.116,1833.568,1794.725,1790.946,1785.908,1764.598,1761.831,1723.366,1707.643,1680.833,1673.677,1603.573,1595.803,1553.189,1489.476,1475.584,1475.066,1342.666,1329.276,1301.121,1289.225,1260.816,1235.575,1233.066,1117.160,1101.813,992.170,898.233,891.982,887.751,886.479,886.179,776.709,774.326,725.194,715.649,674.300,632.490,614.046,553.960,515.354,509.213,476.089,434.692,424.337,419.808,414.701,397.117,395.777,389.154,388.082,373.321,369.624,331.764,319.396,284.127,237.012,211.528,208.646,208.495,206.264,187.834,182.192,170.205,167.874,146.963,100.420,84.744,80.114,15.978
231,2196.678,2152.859,2151.364,2149.235,2130.161,2127.971,2126.862,2126.246,2108.646,2087.236,2086.562,2085.330,2082.051,2079.047,2078.355,2077.079,2052.281,2049.227,2041.282,2040.172,2038.233,2037.122,2027.057,2012.042,2001.103,1999.016,1945.155,1814.964,1812.337,1812.337,1808.242,1787.929,1785.912,1734.271,1725.470,1712.709,1695.178,1637.242,1633.527,1593.820,1593.809,1589.169,1531.290,1511.137,1507.118,1501.772,1450.601,1449.993,1395.897,1388.011,1323.433,1323.433,1276.115,1179.565,1082.261,1051.214,1041.530,998.369,993.916,906.465,878.151,875.675,819.532,781.458,760.961,694.589,684.087,626.037,536.247,483.563,472.540,468.470,466.178,465.940,430.372,424.077,423.056,419.761,392.326,353.359,319.322,314.270,307.167,301.312,266.306,255.065,221.981,211.577,210.401,172.913,170.631,166.177,142.356,138.904,133.557,131.722,128.252,93.640,88.541,75.257
232,2196.489,2171.143,2170.440,2149.184,2132.113,2131.041,2127.412,2125.151,2092.088,2087.588,2086.142,2084.155,2082.308,2082.177,2080.835,2078.435,2052.024,2045.037,2038.895,2034.229,1994.316,1991.334,1980.027,1965.645,1960.624,1947.571,1940.234,1929.163,1887.506,1867.352,1830.554,1824.778,1737.683,1737.072,1730.169,1711.446,1695.940,1658.678,1637.696,1631.019,1587.624,1566.236,1551.034,1548.077,1544.353,1502.615,1445.249,1385.351,1340.089,1310.662,1224.063,1217.049,1155.051,1122.663,1085.204,1074.562,979.404,890.689,863.444,791.557,790.874,783.616,771.634,744.336,703.218,697.226,672.515,588.928,421.708,420.254,412.434,408.654,393.755,383.010,380.472,371.332,340.051,305.272,291.019,284.054,236.971,234.746,225.011,218.113,217.642,213.196,203.200,198.863,192.063,172.731,165.240,162.367,116.330,110.468,104.022,97.625,77.964,52.404,52.142,36.179
233,2207.510,2172.736,2170.081,2167.437,2152.181,2148.322,2132.906,2128.042,2127.944,2125.918,2122.566,2090.537,2085.227,2083.820,2083.121,2078.932,2078.628,2065.749,2046.496,2045.592,2009.173,1999.155,1996.409,1987.987,1972.001,1925.792,1922.600,1918.934,1883.240,1850.052,1728.107,1690.836,1636.744,1607.196,1592.558,1502.330,1419.104,1345.817,1343.773,1272.878,1260.055,1236.326,1217.481,1201.281,1192.801,1170.389,1133.371,1113.157,996.605,896.676,891.494,871.083,779.715,774.048,747.534,735.172,711.202,699.658,677.039,676.187,633.692,583.733,567.097,557.258,547.688,538.676,461.455,426.108,425.085,423.325,421.929,396.966,384.556,383.221,382.838,380.992,355.011,304.149,298.570,290.018,259.316,228.453,228.453,227.066,207.993,202.100,197.904,192.918,185.822,171.348,153.526,152.007,125.962,115.243,113.179,109.601,93.505,80.092,77.699,41.320
234,2208.326,2171.170,2169.505,2148.516,2147.173,2145.441,2136.154,2135.897,2135.897,2131.372,2127.637,2125.842,2121.615,2121.045,2113.688,2085.459,2085.362,2081.566,2081.550,2079.628,2078.671,2069.022,2065.601,2065.193,2063.231,2058.149,2011.743,2007.714,1993.803,1989.659,1960.354,1939.494,1921.833,1907.584,1906.146,1879.793,1878.286,1647.522,1602.419,1592.795,1486.995,1474.001,1467.034,1433.547,1389.313,1347.778,1338.137,1214.380,1061.228,1019.923,996.860,915.316,911.232,833.143,736.288,729.241,691.511,655.061,618.186,555.923,519.235,467.572,460.079,457.785,431.900,419.291,411.876,405.201,398.121,393.574,389.285,384.714,382.692,371.409,368.791,325.761,325.607,318.950,314.839,282.360,282.360,267.829,261.624,249.249,245.396,236.940,220.434,214.405,212.529,210.583,205.020,202.217,172.311,148.520,128.316,120.408,113.514,91.801,87.409,70.124
235,2208.121,2195.668,2170.624,2148.591,2142.165,2133.238,2125.746,2089.637,2085.072,2081.057,2080.626,2079.825,2076.075,2065.561,2060.703,2044.748,2044.291,2043.929,2042.273,2034.912,2029.493,2029.493,1998.489,1998.453,1997.239,1985.596,1969.293,1881.010,1847.675,1802.356,1799.831,1791.481,1754.458,1733.341,1678.768,1598.242,1566.536,1551.919,1547.875,1534.825,1531.513,1499.781,1430.698,1376.852,1348.032,1227.345,1215.690,1179.075,1091.623,1031.456,982.585,966.580,918.937,823.895,797.507,781.970,676.871,661.311,638.099,623.422,592.930,547.103,484.651,478.145,474.422,452.277,451.462,427.491,424.229,424.213,404.424,400.682,400.140,395.300,386.403,383.747,381.351,369.667,359.231,310.589,294.666,279.614,274.337,233.500,227.820,225.395,221.286,220.572,217.022,216.037,202.351,196.084,179.109,170.413,159.246,126.495,93.184,91.083,81.926,41.050
236,2254.344,2209.020,2172.923,2153.740,2151.479,2148.703,2129.632,2126.527,2123.935,2111.904,2106.022,2105.588,2102.376,2080.346,2076.226,2061.032,2048.389,2045.125,2042.830,2042.653,2007.526,2006.062,2003.233,2000.065,1996.806,1978.491,1958.801,1948.790,1943.899,1937.140,1933.055,1932.074,1920.734,1910.934,1908.418,1900.091,1894.870,1893.764,1872.926,1856.182,1851.135,1838.150,1787.593,1764.658,1761.565,1707.662,1639.581,1621.463,1593.237,1494.245,1480.770,1437.230,1408.027,1354.245,1353.049,1337.928,1178.758,1175.042,1112.763,1098.021,1059.923,1056.867,1000.988,986.503,963.029,946.354,820.628,746.750,737.809,695.739,663.652,646.163,609.836,517.213,504.607,466.467,422.312,419.162,411.612,410.927,406.546,403.749,390.121,383.971,380.899,349.694,244.522,231.429,222.525,221.673,219.261,219.207,198.168,131.798,110.839,99.982,84.168,81.658,79.011,61.155
237,2210.676,2210.189,2200.863,2196.412,2194.990,2173.492,2165.646,2164.984,2150.398,2148.522,2134.590,2133.324,2132.772,2130.684,2125.597,2124.986,2108.344,2106.877,2090.392,2086.492,2085.086,2078.785,2076.103,2075.723,2075.723,2075.229,2064.174,2043.069,2010.198,2001.202,1994.090,1974.246,1961.632,1873.430,1858.468,1847.013,1818.666,1809.152,1788.210,1769.831,1694.468,1688.032,1673.125,1653.404,1653.037,1556.467,1524.372,1508.644,1458.702,1411.747,1407.740,1407.360,1243.870,1229.904,1194.956,1168.146,1131.610,1113.003,1070.317,1051.581,888.402,882.600,867.716,865.537,784.155,693.363,658.599,658.599,568.083,516.849,513.309,466.091,465.799,447.896,433.737,417.147,416.208,398.491,396.240,386.100,384.912,384.286,349.413,337.624,273.681,266.368,259.780,233.355,218.943,208.508,191.089,185.428,182.858,175.919,171.176,164.485,142.739,130.955,126.511,99.896
238,2254.209,2190.647,2170.842,2158.805,2153.593,2148.627,2148.559,2147.197,2147.197,2147.064,2145.143,2133.990,2132.112,2124.186,2089.972,2086.276,2084.322,2082.004,2081.373,2080.037,2072.987,2069.788,2069.590,2047.157,2042.205,1997.680,1992.047,1963.495,1951.567,1875.341,1840.440,1824.074,1807.967,1781.379,1775.762,1763.637,1763.180,1753.475,1753.475,1661.364,1599.657,1510.644,1510.547,1459.747,1392.232,1359.270,1332.540,1104.785,1056.750,1016.006,1007.269,962.741,895.012,884.273,774.025,546.278,529.641,517.984,510.512,462.621,457.515,434.236,433.093,426.490,424.378,417.448,409.362,387.173,385.715,384.709,367.044,324.678,288.252,284.747,269.030,253.905,246.456,237.647,231.223,230.055,225.352,220.134,216.140,206.317,201.853,201.311,185.856,165.828,134.238,134.064,122.810,104.928,99.740,99.173,95.844,91.268,74.287,74.236,71.847,42.538
239,2207.729,2190.992,2186.596,2180.160,2178.501,2172.156,2165.115,2156.407,2153.369,2149.952,2149.651,2148.535,2103.980,2099.028,2091.343,2087.159,2086.861,2085.148,2083.099,2082.442,2082.442,2077.726,2041.926,2007.928,2001.160,1963.799,1945.693,1931.094,1898.941,1859.589,1838.499,1797.595,1791.935,1788.545,1747.480,1721.457,1714.734,1710.743,1646.840,1630.818,1573.133,1487.897,1404.535,1317.039,1251.385,1158.488,1153.834,1048.098,826.106,802.044,753.960,746.781,736.513,735.078,711.807,675.523,640.829,569.372,523.046,477.451,425.248,423.430,420.807,417.119,416.407,414.041,408.342,399.293,398.070,384.380,381.310,375.653,365.592,362.764,349.663,340.848,338.745,331.167,329.573,312.464,304.196,268.955,259.143,257.345,245.008,237.859,227.365,222.360,209.595,209.247,203.588,200.573,156.357,138.533,115.746,112.280,98.403,97.178,79.188,77.343
240,2012.900,1997.299,1995.996,1992.054,1958.455,1956.728,1951.498,1947.492,1936.777,1923.317,1914.867,1911.728,1909.964,1904.328,1900.664,1873.798,1872.985,1871.799,1854.870,1837.409,1837.084,1797.145,1792.449,1785.745,1775.222,1765.129,1762.371,1732.030,1728.591,1716.122,1705.831,1693.194,1683.237,1672.570,1634.249,1626.989,1537.333,1460.293,1446.242,1352.560,1290.152,1246.122,1231.054,1223.573,1215.765,1162.748,951.073,923.887,906.299,892.761,787.314,683.903,588.785,546.616,532.969,515.395,508.270,499.637,490.479,467.834,467.505,452.487,449.624,438.558,434.432,416.392,410.196,375.111,373.191,365.161,353.225,340.909,339.652,338.488,334.947,329.036,328.743,321.305,312.588,289.777,280.007,266.542,263.378,263.109,233.070,225.104,222.620,216.494,212.557,209.089,197.505,148.764,130.165,94.182,93.358,84.846,75.599,74.933,49.449,41.373
241,2071.635,2070.132,2057.677,2035.266,2008.943,1984.918,1954.002,1953.186,1952.957,1948.807,1945.428,1909.567,1905.906,1899.771,1873.757,1873.675,1860.166,1854.521,1835.961,1835.508,1834.459,1827.013,1801.630,1783.461,1780.939,1766.086,1762.487,1748.778,1734.347,1728.122,1725.972,1717.152,1656.231,1652.660,1650.240,1585.301,1539.225,1538.080,1530.298,1486.833,1476.725,1470.234,1435.143,1357.592,1324.994,1308.330,1227.579,1210.751,1163.658,1149.449,1136.901,1129.620,1104.938,1099.385,1073.459,1067.095,1066.543,1062.332,1036.019,1009.058,999.927,938.067,847.198,760.388,759.824,727.463,615.642,596.765,539.397,420.565,413.211,410.274,409.315,408.078,405.882,399.939,397.106,389.020,378.638,370.279,366.209,365.308,312.453,281.207,266.700,263.781,262.311,237.298,233.594,181.224,178.129,174.459,173.335,173.030,156.302,134.650,99.082,91.864,91.347,79.512
242,2038.883,2033.572,2001.483,1997.707,1996.404,1991.114,1987.379,1971.784,1971.475,1968.460,1962.657,1958.546,1952.298,1948.385,1943.583,1921.920,1915.967,1915.628,1915.628,1908.310,1875.104,1874.351,1873.748,1855.532,1852.597,1851.233,1850.872,1834.919,1833.029,1814.666,1812.754,1771.190,1765.865,1762.734,1713.484,1686.025,1675.325,1662.570,1619.141,1557.748,1548.972,1541.748,1541.748,1508.249,1478.084,1475.651,1461.182,1437.690,1388.230,1380.409,1352.084,1348.104,1316.167,1280.746,1182.319,1073.343,1058.789,1032.031,1015.571,1011.806,941.471,897.735,887.683,866.798,803.638,781.703,710.243,707.711,698.637,624.822,611.690,586.149,550.050,490.815,472.511,452.027,420.635,416.100,409.722,403.962,399.240,393.952,364.368,356.578,354.141,346.459,264.250,240.001,237.100,236.868,233.450,228.903,222.061,200.144,177.219,173.219,96.740,93.669,81.333,53.357
243,2052.732,2042.211,2033.901,2028.234,2015.601,2010.098,2001.716,1994.719,1994.446,1991.181,1985.513,1984.285,1974.602,1972.948,1970.517,1967.277,1958.940,1954.293,1929.105,1916.392,1913.748,1904.810,1901.052,1856.275,1835.990,1835.490,1829.542,1816.041,1816.041,1806.599,1759.371,1734.401,1718.766,1713.788,1644.655,1644.374,1603.861,1570.960,1527.281,1466.270,1440.030,1413.450,1385.751,1328.927,1261.630,1244.069,1236.110,1178.232,1163.316,1106.099,1000.213,834.859,777.141,759.438,619.492,492.027,438.498,430.761,425.475,423.989,420.314,417.717,415.159,409.286,398.540,397.632,396.667,381.934,380.471,376.206,356.149,350.110,313.664,292.207,281.506,267.040,256.178,249.272,235.268,234.728,234.236,224.663,216.678,209.554,197.256,187.113,179.491,177.880,173.842,144.589,125.785,121.591,116.912,110.453,93.344,86.254,74.443,66.067,54.410,47.087
244,2078.726,2073.274,2042.482,2039.777,2030.232,2028.144,2009.453,1998.215,1997.602,1991.356,1985.789,1974.601,1971.472,1958.786,1957.180,1955.423,1955.013,1952.272,1914.220,1880.287,1868.265,1834.934,1826.206,1823.029,1803.901,1802.101,1800.794,1776.951,1771.955,1754.237,1748.453,1696.473,1694.564,1632.087,1610.010,1610.010,1594.685,1580.012,1566.912,1559.179,1539.849,1529.732,1459.622,1453.154,1450.197,1450.197,1422.286,1413.019,1405.513,1377.328,1309.219,1274.796,1270.858,1181.756,1139.289,1016.340,919.934,902.405,854.266,800.873,746.169,659.091,607.653,536.285,495.759,471.666,463.049,444.161,438.694,425.492,423.625,422.321,420.656,415.619,388.703,375.063,374.444,371.417,370.754,333.037,294.452,280.799,251.403,251.248,249.844,203.780,184.495,184.398,144.527,139.884,132.306,97.988,97.435,89.098,87.689,85.834,80.075,56.392,49.355,49.042
245,2158.654,2026.775,2002.401,1994.230,1993.936,1991.420,1986.833,1971.884,1969.783,1965.723,1964.120,1957.371,1954.931,1953.111,1951.378,1947.894,1928.528,1926.975,1917.565,1916.623,1916.312,1913.431,1910.620,1879.798,1873.011,1835.997,1818.682,1810.740,1805.250,1800.257,1768.263,1765.729,1759.097,1758.925,1732.323,1709.759,1622.620,1618.154,1598.574,1578.973,1546.246,1530.313,1530.193,1478.003,1405.719,1257.210,1217.590,1196.166,1181.777,1130.088,1101.908,1091.926,1024.213,995.127,993.656,991.167,986.453,964.593,863.609,829.866,804.436,773.216,717.286,713.707,655.468,646.124,613.680,592.813,590.767,502.050,501.158,460.473,425.930,414.905,408.459,391.081,388.339,384.132,365.023,364.322,338.369,337.117,304.996,300.157,240.817,235.343,231.651,228.277,222.421,213.340,205.646,173.649,168.352,143.590,127.262,121.130,105.081,97.097,74.958,65.774
246,2078.770,2062.229,2055.425,2052.495,2047.559,2033.586,2015.999,2012.247,2000.313,1995.295,1991.865,1981.217,1972.535,1963.126,1950.885,1930.529,1916.672,1915.556,1910.142,1907.938,1907.349,1904.474,1900.471,1890.785,1887.201,1872.681,1854.100,1847.809,1847.198,1837.333,1831.925,1821.791,1806.617,1799.445,1723.021,1708.184,1701.512,1649.837,1647.594,1596.233,1592.824,1568.070,1563.996,1547.136,1422.932,1407.797,1377.978,1354.417,1291.304,1283.057,1278.876,1267.733,1242.055,1228.538,1169.327,1156.630,1090.484,1059.896,1013.587,989.198,980.105,976.622,862.588,839.625,833.045,798.043,712.403,646.489,525.278,487.154,461.423,458.410,455.233,435.559,434.136,431.837,416.042,409.684,396.611,391.420,379.582,370.990,365.818,360.051,332.482,288.353,264.884,251.765,247.069,225.390,205.663,205.658,201.143,164.120,140.524,121.360,100.321,85.212,82.877,81.933
247,2154.902,2059.219,2025.773,2012.521,2008.667,2000.704,1996.049,1995.770,1988.741,1987.796,1973.907,1965.747,1965.676,1954.555,1951.161,1941.590,1939.940,1939.326,1931.964,1923.255,1923.229,1920.833,1919.461,1919.141,1913.892,1881.466,1876.161,1875.848,1870.872,1863.837,1862.368,1826.391,1818.393,1818.393,1817.676,1817.676,1793.740,1777.354,1750.581,1697.416,1685.262,1653.519,1564.040,1553.861,1545.628,1540.674,1536.999,1493.293,1486.998,1459.710,1393.385,1389.546,1382.038,1353.094,1332.103,1279.643,1262.551,1254.245,1185.616,1017.296,992.774,908.569,907.995,907.866,895.454,797.661,787.666,773.668,664.368,647.300,567.815,498.629,469.120,463.915,456.469,386.763,371.581,369.701,339.366,337.397,332.719,266.703,261.765,192.200,189.415,183.004,165.560,164.114,158.077,155.940,153.166,143.056,142.744,130.255,99.649,78.920,76.396,75.390,46.482,38.700
248,2071.967,2055.951,2043.852,2040.033,2030.063,1997.125,1992.910,1989.526,1976.860,1976.287,1963.678,1960.264,1959.853,1954.389,1953.401,1943.937,1943.597,1924.934,1918.919,1916.397,1905.289,1877.534,1866.383,1856.519,1841.228,1840.587,1811.151,1798.875,1783.944,1756.627,1734.141,1732.770,1685.934,1669.729,1638.877,1614.317,1602.762,1554.388,1541.083,1540.582,1531.261,1508.624,1496.001,1379.756,1351.002,1269.380,1249.503,1228.680,1190.009,1151.772,1027.260,1000.224,949.099,885.543,817.976,707.625,668.895,622.688,617.793,583.138,549.898,547.432,523.892,512.599,506.694,503.476,490.047,474.618,447.197,433.552,426.375,406.717,391.042,379.378,374.761,372.829,371.979,362.132,359.816,299.379,296.704,264.109,254.781,236.826,216.717,191.153,183.213,182.114,177.437,171.958,153.237,147.558,132.701,125.935,105.353,90.901,87.306,80.354,77.045,36.498
249,2110.572,2041.236,2033.826,2012.195,2009.747,1998.436,1983.813,1970.984,1967.708,1961.831,1958.534,1950.635,1947.213,1930.330,1927.535,1925.770,1923.708,1910.830,1900.773,1897.628,1892.116,1891.772,1880.532,1876.228,1872.811,1853.551,1843.068,1745.698,1726.888,1712.013,1687.820,1685.376,1684.912,1677.466,1640.908,1634.440,1634.380,1625.648,1606.662,1602.764,1599.281,1590.601,1582.106,1540.925,1525.602,1496.906,1493.224,1483.353,1444.916,1363.497,1358.684,1303.608,1234.890,1220.069,1195.533,1193.650,1084.649,1067.205,1041.904,1027.000,987.093,908.261,886.401,834.695,710.185,707.772,669.706,626.568,512.958,498.648,475.275,474.081,430.026,398.466,396.727,377.099,363.512,322.930,314.525,306.734,274.393,265.432,262.040,261.814,259.495,259.428,252.387,246.516,235.760,232.910,232.148,217.464,214.842,207.224,177.346,148.972,147.929,127.320,123.781,86.673
